site,amino_acid,n_mutations_to
19,T,4136
452,L,3948
478,T,2702
446,V,2107
18,F,2059
20,T,1831
821,L,1721
614,D,1542
543,F,1540
67,V,1515
296,L,1503
222,V,1496
98,F,1438
417,N,1432
688,V,1430
221,S,1422
856,N,1400
572,I,1395
11,V,1394
1114,I,1390
677,H,1379
583,D,1323
692,I,1321
691,S,1302
1215,Y,1268
1178,N,1255
939,F,1219
221,L,1215
83,V,1210
940,S,1207
613,H,1202
508,Y,1200
1237,I,1199
413,G,1190
432,C,1177
32,F,1145
681,P,1143
1263,L,1137
181,V,1136
655,Y,1125
60,S,1124
1264,L,1103
501,N,1101
562,F,1099
440,N,1094
49,Y,1091
1162,L,1091
22,I,1089
130,V,1080
53,D,1075
234,N,1060
1162,S,1057
489,Y,1052
845,S,1052
153,I,1042
936,D,1040
1148,F,1039
1228,L,1038
54,F,1036
375,S,1029
276,L,1017
12,F,1014
95,I,1012
55,F,999
824,N,994
67,A,990
417,K,980
1238,T,975
707,Y,975
1078,S,972
254,F,971
1117,I,963
255,F,962
732,T,950
505,Y,947
640,F,946
859,I,943
354,N,943
682,R,941
778,T,939
475,A,934
789,Y,929
58,F,929
146,H,912
43,F,894
75,V,888
1229,I,878
306,F,872
960,N,864
1146,D,861
410,I,858
1101,H,855
1104,L,854
704,L,853
1219,C,846
1191,N,843
938,F,842
547,I,840
20,I,835
26,S,833
245,Y,831
665,P,826
302,T,822
312,I,815
28,Y,810
882,I,807
343,N,806
1259,D,806
701,V,802
99,N,800
716,I,795
574,Y,791
675,H,787
1020,S,785
323,I,783
95,T,768
308,L,766
812,L,749
769,V,737
522,V,735
1101,Y,728
70,V,720
940,F,714
936,Y,711
877,L,707
678,I,697
484,K,693
494,P,692
19,R,691
1219,V,691
176,F,685
518,L,684
80,Y,680
618,T,678
215,Y,674
76,I,672
812,S,660
84,L,654
1243,F,652
222,A,652
290,D,651
622,F,646
496,G,637
395,V,637
573,I,630
647,S,627
29,I,623
27,S,614
809,S,612
501,Y,612
680,F,610
116,S,608
684,V,606
1020,V,605
715,P,598
570,A,598
1163,Y,597
262,S,592
446,G,591
879,S,591
339,G,589
440,K,588
299,I,586
982,S,584
716,T,584
683,R,584
1247,F,583
477,S,581
764,N,581
1122,L,580
455,F,580
26,L,578
69,Y,577
620,V,577
764,N,576
14,H,575
256,L,574
484,Q,572
1073,N,572
25,P,568
294,D,567
1264,V,566
653,V,565
477,S,562
138,Y,561
892,V,559
307,I,559
253,G,556
146,Y,554
925,N,553
1027,I,552
494,L,548
240,I,545
174,S,544
846,V,544
145,Y,543
681,P,543
1176,F,537
822,F,536
1153,Y,532
657,N,530
1235,F,528
1119,N,527
27,V,527
112,S,520
186,F,519
484,E,517
520,S,513
477,I,510
384,L,510
1118,D,509
483,F,508
21,I,507
214,L,505
216,F,496
16,F,491
791,I,486
731,I,485
884,F,483
452,R,482
1208,H,477
606,N,476
479,S,472
382,V,471
574,D,467
1200,L,464
541,F,463
1150,D,462
346,K,457
845,V,456
1087,S,455
375,S,450
330,S,441
706,V,439
648,G,437
796,Y,436
222,S,435
879,V,434
831,V,432
177,I,432
144,Y,431
981,L,430
879,A,429
439,N,428
163,A,427
932,G,424
1065,V,424
558,N,422
1122,V,419
1201,K,417
173,H,416
1203,F,414
33,I,414
623,V,412
922,F,411
681,H,411
1207,D,410
765,C,407
1202,Q,402
243,S,399
1118,H,399
484,E,395
477,N,395
618,I,389
982,A,388
151,I,388
929,I,387
152,L,386
1062,F,385
1018,I,384
1094,V,382
70,I,381
522,S,379
556,N,378
13,I,377
732,I,377
771,S,375
40,D,375
747,I,374
1079,S,374
261,V,373
478,K,371
1063,F,370
1236,F,369
570,D,369
683,W,365
991,V,359
346,R,358
671,C,357
309,Q,356
25,S,356
1009,I,355
936,H,353
476,S,352
1250,F,350
321,Q,348
924,A,348
1252,F,344
446,S,344
818,V,342
21,T,339
952,V,339
676,I,338
213,V,338
118,F,337
854,N,336
871,S,336
698,L,335
273,S,334
719,I,334
71,F,334
621,S,333
25,L,332
30,H,332
493,L,331
9,L,329
320,V,328
70,F,327
1006,I,325
215,H,323
1167,V,323
1070,V,322
765,L,322
553,I,321
9,S,318
112,L,317
67,S,316
490,S,315
623,S,314
6,F,313
871,V,313
19,I,310
193,L,307
691,F,306
80,D,306
514,F,306
493,Q,306
631,S,304
371,S,304
1147,L,302
463,S,302
152,W,302
10,L,301
148,T,300
267,V,300
1200,F,297
138,H,297
1058,Y,297
603,N,295
348,S,294
384,S,293
683,L,290
1078,V,287
215,G,287
848,D,284
813,I,282
289,V,281
846,S,281
1110,Y,280
1061,V,279
141,F,278
274,I,278
490,L,276
289,L,275
1139,H,275
484,A,275
1198,I,274
740,I,274
479,L,273
892,S,272
1230,V,270
25,T,269
883,I,269
344,S,268
1120,I,267
980,I,265
112,S,264
8,F,263
109,A,259
72,E,258
808,D,258
472,I,256
1168,D,256
1051,S,255
138,D,254
857,G,254
1259,Y,250
961,M,250
444,N,249
1084,Y,249
979,D,249
899,S,249
68,I,249
1260,Y,249
942,S,248
1238,I,247
701,A,245
148,N,244
672,V,244
578,D,243
45,S,243
919,N,243
96,D,241
887,T,240
376,I,239
1205,N,238
796,D,238
809,P,236
213,L,236
114,T,235
681,H,235
547,T,235
470,I,235
90,F,233
83,F,233
110,V,231
689,I,231
178,N,230
382,L,229
15,F,228
1065,L,228
152,R,226
19,I,225
345,T,224
1046,G,223
1091,L,223
652,G,222
1070,S,222
1139,D,222
1169,I,221
38,Y,221
1143,L,218
929,S,218
145,Y,218
117,L,217
72,V,217
475,V,216
181,R,216
1242,I,215
305,S,214
505,H,213
24,S,213
143,F,212
1146,Y,211
1252,S,211
575,S,211
146,Q,211
85,S,210
250,I,208
694,V,208
1074,N,208
873,Y,208
778,I,208
1133,F,208
52,H,208
843,D,208
149,N,208
224,Q,206
1248,F,206
1230,L,205
181,A,204
50,L,204
542,N,204
28,H,204
284,T,204
243,V,203
826,V,203
1193,L,203
893,V,202
408,I,202
1246,G,202
401,L,202
452,L,202
259,I,200
411,S,200
303,F,200
1273,I,199
1147,S,199
1052,F,199
1272,Y,199
93,S,197
102,I,197
1185,R,196
856,N,196
286,I,195
1251,V,195
670,V,193
688,S,193
1177,L,192
289,I,192
626,S,191
706,S,191
233,V,188
419,S,188
1159,H,188
68,T,188
623,A,188
924,S,188
627,D,187
498,Q,187
317,S,187
330,L,187
909,V,186
1008,V,186
1146,H,186
137,N,184
72,G,184
723,T,184
516,Q,183
122,N,182
51,I,182
228,H,181
1083,Y,181
1199,D,180
679,N,180
375,F,180
1118,Y,180
951,V,179
314,K,179
658,N,179
659,S,178
257,D,178
820,D,178
124,I,177
373,L,177
826,L,176
1264,V,176
816,S,176
354,K,176
1266,R,176
499,P,175
705,F,175
412,P,175
709,N,174
110,L,173
1068,F,173
272,L,173
389,D,173
190,R,172
368,L,171
1048,H,171
430,I,171
1218,L,170
344,A,170
1176,V,170
3,G,170
1111,Q,170
246,I,169
684,S,169
190,R,169
54,L,169
570,V,167
547,K,167
208,M,166
616,N,166
796,H,166
1091,H,166
809,L,165
145,H,165
36,F,164
961,T,164
783,S,164
339,D,163
1067,Y,163
536,N,162
683,Q,162
496,S,162
94,S,162
242,F,160
18,L,160
615,I,160
320,F,160
583,Q,159
764,K,159
1099,D,159
127,F,158
411,A,158
1171,G,158
1116,T,158
783,V,158
1251,G,157
1240,C,157
80,G,157
70,V,157
1171,V,156
655,H,156
284,I,156
570,S,156
163,V,156
1199,Y,156
830,Y,155
663,D,155
484,V,154
497,F,154
229,F,153
352,V,153
937,L,152
2,L,152
111,N,152
1027,T,152
642,G,151
1252,P,151
968,S,151
267,L,151
228,Y,151
258,C,151
252,V,150
208,T,150
232,C,150
615,F,150
1151,D,150
1053,P,149
674,Y,149
313,Y,149
1047,Y,149
1102,L,148
681,R,148
461,L,148
78,M,148
1257,D,148
859,N,147
1118,D,147
765,H,147
35,V,147
517,F,147
71,S,147
1139,Y,147
950,D,146
575,A,146
708,F,146
701,S,145
969,N,145
370,N,144
427,Y,144
1237,V,144
556,K,143
1254,C,143
138,D,143
261,C,143
385,I,142
215,D,142
474,H,142
369,Y,142
372,V,142
1076,I,142
560,L,141
251,L,141
1235,C,141
1267,V,141
336,C,141
59,S,141
1050,I,140
373,S,140
834,T,140
1112,L,139
628,K,139
214,H,139
834,V,138
452,R,138
444,R,138
431,G,138
371,F,138
612,Y,138
73,T,137
661,D,137
297,S,137
1174,V,137
257,S,137
7,L,136
355,R,136
676,T,136
171,V,135
849,L,135
858,L,135
35,R,134
508,H,134
580,H,134
929,T,134
934,I,134
660,Y,133
1114,T,133
626,V,133
178,H,133
625,Y,133
840,C,133
681,L,132
775,D,132
946,V,132
1079,T,132
84,I,132
288,V,132
219,S,132
139,P,132
1245,N,132
121,N,132
13,S,131
913,H,131
105,V,131
669,G,131
1195,Q,130
936,N,130
861,L,130
617,C,130
1244,L,130
113,K,130
571,D,129
878,L,129
675,Q,129
953,N,128
745,G,128
622,I,128
373,S,128
858,F,128
777,N,127
1253,C,127
467,D,127
884,S,127
164,N,127
56,L,127
587,I,127
322,S,127
852,V,127
1081,V,127
586,D,127
654,Q,126
473,Y,126
111,D,126
1265,F,125
849,F,125
1144,Q,125
1112,S,125
493,R,125
1075,F,125
77,N,124
1165,Y,124
847,T,124
1026,S,124
34,P,124
251,H,124
153,T,124
88,Y,123
503,F,123
1213,P,123
1084,D,123
253,D,122
576,V,122
852,S,122
728,P,122
763,L,122
73,I,121
310,K,121
1149,K,120
810,L,120
785,V,120
263,V,119
272,S,119
760,C,118
577,R,118
1078,A,118
407,V,118
1085,V,117
138,D,117
522,P,117
72,R,117
713,A,117
1187,N,116
471,Q,116
631,P,116
879,T,116
1254,F,116
839,D,116
1091,C,116
638,I,116
519,L,116
585,F,116
1005,H,116
1199,N,116
258,R,116
893,A,115
924,V,115
281,Q,115
452,Q,115
264,V,115
78,S,115
157,L,115
1245,K,115
910,G,115
434,V,114
46,P,114
694,A,114
256,S,114
153,V,114
780,Q,113
1223,G,113
475,S,113
262,V,113
647,A,113
108,T,113
1263,P,113
492,L,113
977,L,112
1260,N,112
362,F,112
190,S,112
142,C,112
24,L,112
342,F,112
385,N,111
130,F,111
711,S,111
83,I,111
932,V,111
1263,S,111
263,S,111
505,Y,111
691,P,110
27,A,110
832,G,110
97,N,110
554,D,110
65,F,110
62,L,110
1045,N,110
197,V,110
1085,R,109
491,S,109
751,N,109
1224,L,109
1068,V,109
1124,C,109
218,H,109
752,F,109
405,Y,109
1261,F,108
1196,S,107
1162,P,107
179,F,107
373,P,107
741,Y,106
555,S,106
227,L,106
162,I,106
1030,S,106
772,I,106
391,C,106
1055,S,106
405,D,106
838,G,106
433,I,105
177,T,105
1001,L,105
607,H,105
152,C,105
227,V,105
494,S,105
1150,E,105
417,T,105
793,L,104
839,Y,104
1069,S,104
128,V,104
226,L,104
1073,K,104
252,S,104
1224,F,104
1233,I,104
428,D,104
477,G,104
261,D,104
729,V,104
761,I,104
985,D,103
81,N,103
51,T,103
1185,H,103
1080,A,103
352,S,103
1063,L,103
1170,S,103
211,N,103
46,L,103
727,L,103
308,V,102
455,S,102
513,F,102
867,D,102
1197,L,102
334,N,102
565,L,102
554,Q,102
710,N,102
646,H,102
82,P,102
869,I,102
459,F,101
64,L,101
1216,T,101
244,S,101
367,V,101
184,V,101
80,N,101
484,D,100
245,H,100
351,Y,100
1222,A,100
240,T,100
198,D,100
295,P,100
679,K,100
360,N,100
837,H,100
591,S,99
183,H,99
675,R,99
393,T,99
748,Q,99
521,S,99
198,Y,99
417,K,99
1184,Y,98
591,F,98
52,Q,98
260,V,98
21,K,98
217,P,98
1077,T,98
1152,L,98
1127,G,98
29,T,98
303,L,98
22,T,98
499,L,98
600,P,98
1057,P,98
507,P,98
263,A,98
228,D,98
735,L,97
282,N,97
223,L,97
1261,S,97
917,Y,97
539,V,97
1060,V,97
190,K,97
262,A,97
397,A,97
354,D,97
356,R,97
1140,P,97
1185,C,97
237,K,96
552,F,96
829,A,96
174,L,96
1006,T,96
1098,N,96
1145,L,96
335,L,96
561,S,95
225,P,95
142,S,95
588,I,95
1225,V,95
306,L,95
1190,A,95
837,Y,95
1182,Q,95
78,K,94
394,N,94
270,L,94
703,N,94
365,Y,94
1143,S,94
80,A,94
734,T,94
1033,A,93
551,F,93
864,L,93
277,L,93
288,S,93
293,L,93
595,V,93
1247,Y,93
899,A,93
969,N,93
323,T,93
458,K,92
942,A,92
668,A,92
1231,I,92
891,D,92
930,A,92
967,S,92
831,A,92
614,G,92
684,T,92
1079,P,92
793,P,92
948,L,92
64,R,92
819,E,91
1012,L,91
654,K,91
408,R,91
337,S,91
844,V,91
198,G,91
745,D,91
316,S,91
1268,V,91
702,Q,91
666,I,91
1101,Q,91
549,I,90
519,H,90
1124,G,90
346,I,90
442,D,90
20,N,90
254,S,90
1084,G,90
358,I,90
229,L,90
900,I,90
44,R,90
217,S,89
39,P,89
1226,A,89
622,A,89
451,Y,89
157,S,89
262,A,89
629,L,89
269,Y,89
958,S,88
890,A,88
558,K,88
32,L,88
1138,Y,88
701,A,88
26,P,88
812,P,88
308,I,88
348,A,88
1158,N,88
679,N,88
999,G,88
103,G,88
399,S,88
605,S,88
285,I,88
138,G,88
757,G,87
753,L,87
87,N,87
477,N,87
893,S,87
477,R,87
1244,F,87
941,I,87
324,E,87
1023,N,87
722,V,87
740,T,87
1231,A,87
1174,A,86
253,Y,86
1183,I,86
177,V,86
957,R,86
945,L,86
507,S,86
1114,V,86
485,V,86
1170,F,86
1203,L,86
261,S,86
941,T,85
1133,V,85
66,R,85
75,R,85
273,M,85
604,I,85
1091,R,85
1130,M,85
806,L,85
52,R,85
834,I,85
501,T,85
505,H,85
498,R,85
1069,P,85
231,I,85
607,Q,85
155,I,84
621,P,84
283,G,84
252,D,84
855,F,84
1021,F,84
77,K,84
643,L,84
914,N,84
619,Q,84
656,V,83
854,K,83
572,T,83
687,V,83
1153,D,83
681,L,83
372,A,83
6,I,83
143,V,83
874,T,83
1135,N,83
249,F,83
444,K,82
1165,G,82
583,E,82
185,D,82
787,K,82
523,A,82
172,S,82
171,F,82
1107,S,82
697,I,82
521,P,82
529,N,82
793,S,82
981,F,82
551,I,82
246,T,82
144,S,82
244,L,81
1267,R,81
1173,N,81
735,S,81
680,S,81
337,L,81
222,A,81
704,S,81
815,R,81
91,Y,81
455,L,81
779,K,80
186,L,80
145,Y,80
299,T,80
807,S,80
421,Y,80
289,V,80
1153,G,80
1125,N,80
1009,T,80
474,Q,80
1134,N,80
46,S,80
681,R,80
650,L,80
1073,T,80
1188,D,80
304,K,80
823,F,80
154,K,80
865,L,79
1221,V,79
568,D,79
897,P,79
739,T,79
1168,Y,79
72,W,79
638,T,79
1016,A,79
243,A,79
1159,Y,79
678,T,78
261,R,78
26,P,78
522,A,78
640,S,78
483,A,78
34,R,78
47,F,78
892,A,78
132,Q,78
813,N,78
723,I,78
1104,I,78
1206,Y,78
739,I,78
642,F,78
62,V,77
250,T,77
324,Q,77
11,F,77
1085,A,77
641,N,77
1169,V,77
352,A,77
260,S,77
85,P,77
1248,Y,77
987,F,77
916,L,77
75,S,77
499,S,77
647,V,77
1120,T,77
860,L,77
514,S,77
1234,L,76
82,L,76
172,F,76
484,G,76
1246,S,76
1007,Y,76
569,V,76
1201,H,76
695,Y,76
1004,L,76
625,R,76
458,N,76
1085,G,76
831,S,76
504,G,76
579,P,76
866,T,76
1199,H,76
1160,T,76
185,S,76
1183,V,76
101,T,76
230,P,75
1262,E,75
209,L,75
1188,E,75
874,I,75
805,M,75
317,N,75
441,L,75
1157,N,75
1076,T,75
1022,A,75
673,T,75
615,V,75
93,A,75
251,S,75
769,A,75
339,S,75
184,S,75
660,H,75
227,I,75
273,R,74
259,T,74
590,C,74
1141,L,74
852,A,74
836,L,74
1216,V,74
1064,H,74
682,L,74
1132,V,74
468,V,74
31,S,74
460,N,74
1228,A,74
768,I,74
439,N,74
80,D,74
1238,N,74
381,G,74
257,V,74
681,Y,73
621,L,73
1159,R,73
1054,Q,73
584,V,73
653,A,73
1237,T,73
247,I,73
8,L,73
1078,T,73
95,T,73
219,D,73
27,T,73
371,S,73
520,V,73
772,V,73
1044,G,73
180,K,73
1187,Y,73
481,N,72
181,G,72
88,H,72
260,A,72
1115,V,72
724,T,72
1251,E,72
452,W,72
340,K,72
344,T,72
445,A,72
64,C,72
946,R,72
1117,T,72
274,T,72
989,A,72
871,A,72
732,A,72
870,V,72
1113,K,72
383,S,72
746,S,72
1066,T,72
807,P,72
77,K,72
213,V,72
856,K,71
94,F,71
627,Y,71
178,D,71
1090,P,71
31,F,71
637,S,71
622,V,71
966,L,71
843,G,71
237,R,71
503,V,71
596,I,71
200,Y,71
1141,F,71
582,F,71
322,P,71
80,D,71
860,I,71
491,P,71
749,C,70
248,H,70
1174,S,70
75,A,70
107,G,70
214,R,70
82,S,70
903,S,70
1026,A,70
1131,A,70
346,S,70
371,L,70
484,V,70
1104,V,70
206,K,70
16,V,70
1045,K,70
517,V,70
178,Y,70
263,T,70
328,R,70
1133,I,70
331,N,70
845,A,69
265,Y,69
190,M,69
158,S,69
490,F,69
17,N,69
189,F,69
216,L,69
1184,D,69
883,T,69
388,N,69
439,K,69
78,R,69
639,G,69
860,V,69
406,Q,68
942,V,68
1270,L,68
573,T,68
540,N,68
140,L,68
732,T,68
881,T,68
842,S,68
115,Q,68
416,G,68
796,D,67
415,T,67
862,S,67
57,P,67
937,S,67
37,Y,67
520,A,67
1049,L,67
21,G,67
34,L,67
414,R,67
1085,E,67
341,V,67
245,R,66
241,L,66
1089,F,66
340,D,66
74,N,66
493,L,66
1251,R,66
566,G,66
896,T,66
90,I,66
1022,S,66
109,T,66
1219,S,66
1202,K,66
589,P,66
859,T,66
682,W,66
53,N,66
456,L,66
440,N,66
1039,R,66
1041,D,66
337,P,65
433,V,65
677,R,65
356,N,65
717,S,65
754,L,65
886,L,65
1191,K,65
1210,V,65
454,R,65
856,S,65
934,V,65
232,V,65
280,N,65
380,Y,65
632,I,65
396,Y,65
625,H,65
62,I,65
626,A,65
102,G,65
1129,I,65
96,E,65
522,A,65
1180,K,65
166,F,65
307,T,65
376,T,65
717,N,65
894,L,65
249,L,65
503,I,65
1129,L,65
807,L,64
1265,L,64
66,H,64
904,Y,64
918,E,64
36,I,64
483,V,64
1250,Y,64
75,D,64
1083,H,64
1219,G,64
810,S,64
994,D,64
689,S,64
1131,G,64
430,T,64
1207,E,64
808,N,63
1234,F,63
1043,C,63
995,R,63
688,T,63
859,T,63
957,Q,63
97,K,63
1087,V,63
1116,N,63
561,P,63
59,L,63
445,F,63
1211,K,63
813,S,63
349,P,63
378,N,63
501,N,63
839,N,63
733,K,63
1264,M,63
704,P,63
939,S,63
1094,I,63
469,S,63
932,C,63
210,T,63
405,N,63
1195,E,62
912,T,62
649,C,62
1267,G,62
1177,I,62
95,A,62
253,N,62
239,R,62
321,L,62
181,E,62
356,K,62
325,S,62
601,G,62
761,T,62
547,T,62
170,H,62
452,M,62
1116,I,62
12,S,62
769,G,62
1084,E,62
495,Y,62
533,L,62
938,L,62
677,Q,62
521,L,62
747,T,62
1100,T,61
1024,F,61
253,D,61
346,T,61
1229,T,61
45,F,61
1209,Y,61
574,N,61
21,R,61
141,L,61
687,I,61
66,Y,61
96,G,61
335,F,61
425,L,61
377,F,61
630,T,61
553,T,61
998,T,61
411,V,61
478,I,61
1189,V,61
855,S,61
182,K,60
860,F,60
1245,R,60
525,C,60
842,D,60
1168,G,60
183,R,60
69,H,60
48,L,60
423,Y,60
988,E,60
1104,V,60
361,C,60
1100,I,60
86,F,60
997,I,60
833,F,60
624,I,60
1096,I,60
70,A,60
649,G,60
595,I,60
544,N,60
921,K,60
923,I,60
1163,G,60
144,Y,60
1045,R,60
841,L,60
186,S,60
145,N,60
154,G,59
830,D,59
987,V,59
75,G,59
443,S,59
14,R,59
338,L,59
88,G,59
366,S,59
1198,V,59
460,S,59
501,S,59
1014,R,59
905,R,59
33,T,59
83,L,59
769,R,59
1077,I,59
1149,R,58
1258,D,58
88,D,58
582,L,58
390,F,58
531,T,58
357,K,58
427,H,58
376,A,58
482,V,58
1172,I,58
1016,V,58
922,L,58
984,L,58
357,R,58
157,F,58
453,F,58
974,S,58
972,A,58
1164,I,58
911,V,58
534,F,58
427,D,58
248,Y,57
346,G,57
827,I,57
693,I,57
842,V,57
602,T,57
792,S,57
1099,S,57
850,L,57
1025,A,57
77,T,57
256,P,57
969,K,57
651,V,57
706,A,57
346,R,57
483,I,57
979,Y,57
608,I,57
801,N,57
1171,S,57
123,A,57
1164,F,57
963,V,57
9,T,57
3,I,57
1035,V,56
736,V,56
457,R,56
569,I,56
50,S,56
329,F,56
463,P,56
287,D,56
549,T,56
740,V,56
828,L,56
679,S,56
829,T,56
1247,S,56
946,G,56
768,T,56
218,R,56
279,Y,56
17,S,56
429,F,55
246,K,55
1163,N,55
1143,P,55
912,I,55
213,A,55
237,S,55
844,I,55
102,K,55
435,S,55
942,T,55
585,L,55
262,T,55
954,H,55
903,A,55
847,R,55
144,F,55
123,V,55
1192,N,55
408,R,55
1093,G,55
133,F,55
147,N,55
829,V,55
384,P,55
675,K,55
659,L,55
1194,N,55
1071,H,55
954,Q,55
1068,I,55
1136,I,55
408,S,54
712,I,54
1040,F,54
333,I,54
822,L,54
688,A,54
3,F,54
185,N,54
85,L,54
792,L,54
510,V,54
670,M,54
30,N,54
681,R,54
410,V,54
170,Y,54
608,V,54
909,I,54
255,S,54
486,F,54
1074,S,54
488,C,54
359,S,53
419,A,53
1112,P,53
233,I,53
1014,T,53
748,E,53
1199,G,53
1088,Y,53
448,S,53
465,D,53
120,F,53
570,A,53
983,R,53
265,C,53
1163,D,53
1155,Y,53
196,N,53
237,M,53
829,S,53
728,L,53
627,N,53
1208,E,53
574,H,53
932,S,53
333,T,52
426,P,52
120,I,52
49,H,52
654,E,52
427,G,52
150,R,52
392,F,52
546,L,52
191,E,52
235,I,52
798,S,52
210,V,52
517,L,52
955,N,52
26,H,52
67,A,52
1156,L,52
1172,V,52
1231,T,52
236,T,52
752,L,52
1139,N,52
445,I,52
636,Y,52
23,L,52
174,P,51
847,K,51
459,S,51
768,N,51
124,T,51
1175,S,51
1035,G,51
791,T,51
850,V,51
1233,V,51
890,V,51
1146,E,51
22,N,51
466,R,51
173,Q,51
1221,T,51
1226,V,51
1239,T,51
478,R,51
337,T,51
604,T,51
71,P,51
293,F,51
445,V,51
1060,I,51
100,T,51
18,P,51
311,G,51
703,S,51
976,F,50
160,Y,50
548,G,50
102,R,50
247,G,50
1099,G,50
154,E,50
534,I,50
513,L,50
667,G,50
428,G,50
264,S,50
309,K,50
260,T,50
619,E,50
344,V,50
21,S,50
1123,S,50
1258,E,50
609,A,50
179,L,50
1263,Q,50
188,N,50
584,I,50
699,L,50
523,T,50
1058,H,50
449,Y,50
519,Y,50
19,K,50
219,G,50
572,S,50
566,S,50
1036,Q,50
654,V,50
450,N,50
242,L,50
390,L,50
783,A,50
247,N,50
359,N,50
261,G,49
705,L,49
20,T,49
875,S,49
724,I,49
413,V,49
1021,S,49
1107,R,49
1066,N,49
780,D,49
1184,N,49
470,T,49
368,I,49
1204,G,49
272,H,49
500,T,49
504,S,49
70,L,49
188,S,49
1150,K,49
487,N,49
288,A,49
930,V,49
148,S,49
257,G,49
1247,C,48
809,P,48
738,C,48
398,D,48
341,I,48
1112,Q,48
1223,S,48
1128,I,48
35,C,48
1155,H,48
855,L,48
641,S,48
1265,P,48
1177,V,48
209,S,48
858,I,48
907,N,48
767,L,48
349,S,48
1005,Q,48
75,C,48
327,I,48
23,R,48
256,S,48
1269,K,48
348,T,47
362,V,47
779,E,47
577,C,47
1103,L,47
1228,V,47
959,L,47
821,V,47
173,R,47
931,V,47
662,C,47
765,R,47
845,A,47
863,P,47
1127,Y,47
710,D,47
1255,K,47
576,I,47
867,G,47
136,F,47
11,I,47
59,F,47
405,D,47
1088,H,47
1020,T,47
716,T,47
1210,T,47
405,G,47
1252,Y,47
154,Q,47
530,S,47
996,L,47
888,L,47
825,K,47
387,L,47
842,G,47
1070,T,47
754,F,47
483,L,47
323,T,47
771,V,47
165,N,47
374,F,47
655,H,47
523,I,47
552,L,47
701,T,47
885,G,46
427,N,46
622,L,46
394,S,46
870,I,46
151,T,46
1118,Y,46
635,I,46
438,S,46
836,Q,46
677,Q,46
96,V,46
687,L,46
1144,E,46
499,R,46
598,V,46
180,V,46
250,N,46
79,L,46
726,I,46
179,I,46
668,S,46
1230,M,46
911,I,46
286,T,46
1186,L,46
504,D,46
928,N,46
291,C,46
359,G,46
619,K,46
157,F,46
251,P,46
580,Q,46
618,A,46
784,L,46
1181,R,46
485,G,46
1225,I,45
184,D,45
766,A,45
339,G,45
493,K,45
1144,V,45
312,V,45
1227,V,45
1262,D,45
512,V,45
935,Q,45
413,R,45
724,A,45
16,I,45
220,L,45
742,I,45
1074,D,45
642,V,45
511,V,45
677,L,45
1228,I,45
139,S,45
1132,I,45
1262,G,45
112,P,45
377,L,45
780,E,45
1065,A,45
1260,D,45
287,H,45
1071,Q,45
127,I,45
485,S,44
1013,I,44
1154,K,44
437,N,44
836,R,44
639,V,44
1042,F,44
435,A,44
698,S,44
1216,I,44
1032,C,44
607,R,44
479,P,44
998,I,44
9,P,44
29,A,44
249,S,44
705,V,44
1233,T,44
841,F,44
102,S,44
1129,V,44
18,L,44
354,S,44
63,T,44
1130,T,44
215,D,44
1024,L,44
690,Q,44
180,E,44
493,H,43
490,V,43
417,T,43
1040,V,43
658,K,43
1102,C,43
846,A,43
592,F,43
1037,S,43
726,T,43
131,C,43
643,F,43
212,L,43
774,Q,43
259,A,43
76,T,43
501,I,43
246,S,43
470,N,43
1246,C,43
52,L,43
54,L,42
1239,S,42
715,S,42
1072,Q,42
16,A,42
1253,F,42
23,H,42
1128,F,42
632,T,42
1167,G,42
193,V,42
224,E,42
1080,S,42
320,I,42
613,E,42
19,G,42
266,Y,42
1189,I,42
718,F,42
1019,R,42
666,V,42
847,I,42
880,G,42
1197,F,42
957,L,42
779,R,42
1121,L,42
150,N,42
61,N,42
770,V,42
827,T,42
1073,R,42
96,Q,42
450,D,42
108,I,42
690,R,42
863,S,42
3,V,42
1034,L,42
261,A,41
1166,L,41
254,Y,41
499,H,41
238,F,41
970,F,41
278,K,41
1167,S,41
1052,L,41
1133,A,41
631,L,41
156,D,41
484,E,41
1169,F,41
135,L,41
594,S,41
1096,V,41
537,K,41
169,E,41
159,V,41
502,G,41
441,F,41
1241,C,41
1070,A,41
1179,V,41
1271,Y,41
446,D,41
301,C,41
1246,V,41
527,P,41
794,V,41
1192,S,41
164,S,41
166,C,41
579,S,41
1225,T,41
597,V,41
936,E,40
722,I,40
1126,C,40
182,R,40
1108,N,40
1127,D,40
264,A,40
1190,S,40
1015,A,40
481,S,40
915,I,40
705,I,40
418,I,40
134,Q,40
251,T,40
41,K,40
253,A,40
222,T,40
1087,A,40
207,Y,40
1111,K,40
1271,H,40
1016,S,40
374,L,40
76,A,40
175,L,40
628,E,40
181,G,40
1264,A,40
1072,E,40
13,T,40
1179,I,40
231,T,40
534,V,40
5,L,40
218,Q,40
1189,F,40
98,S,39
744,G,39
401,V,39
1115,I,39
496,N,39
80,H,39
199,G,39
865,F,39
1222,T,39
554,G,39
1165,D,39
356,T,39
684,A,39
332,I,39
180,D,39
613,Q,39
273,K,39
489,H,39
125,N,39
408,K,39
348,V,39
906,F,39
1241,F,39
1092,E,39
292,S,39
794,I,39
800,F,39
785,A,39
1113,L,39
1201,Q,39
673,S,39
803,S,39
219,C,39
1122,M,39
90,V,39
958,A,39
593,G,39
472,T,39
962,L,39
814,K,38
735,A,38
1014,K,38
1246,D,38
734,I,38
711,F,38
1250,C,38
1195,D,38
12,S,38
838,S,38
1162,R,38
990,E,38
572,N,38
750,S,38
1181,K,38
945,F,38
611,L,38
952,I,38
946,E,38
1055,L,38
142,G,38
183,Q,38
148,K,38
464,L,38
213,M,38
1171,D,38
212,S,38
1167,D,38
20,A,38
63,I,38
226,F,38
1181,N,38
424,K,38
1094,F,38
475,T,38
1018,V,38
426,S,37
696,T,37
567,R,37
961,A,37
1164,V,37
1195,G,37
80,D,37
814,R,37
730,F,37
515,F,37
144,H,37
119,V,37
77,R,37
1062,L,37
982,S,37
482,S,37
1215,H,37
180,G,37
447,V,37
147,E,37
599,T,37
71,Y,37
235,T,37
821,I,37
201,F,37
413,W,37
139,L,37
565,F,37
371,L,37
1242,N,37
1205,R,37
619,D,37
558,R,37
269,H,37
1076,S,37
364,D,37
151,N,37
132,E,37
1107,K,37
203,M,37
794,T,37
138,N,37
792,P,36
737,D,36
1130,I,36
227,A,36
1232,V,36
1049,I,36
182,N,36
1187,S,36
420,D,36
932,D,36
158,R,36
358,V,36
952,F,36
1082,C,36
867,Y,36
468,T,36
529,K,36
712,V,36
1236,S,36
568,N,36
981,L,36
693,V,36
161,F,36
19,K,36
200,H,36
151,G,36
851,C,36
200,C,36
1268,I,36
251,P,36
207,H,36
287,G,36
29,S,36
559,F,36
158,I,36
1023,S,36
472,V,36
401,I,36
1261,P,36
22,A,36
340,E,36
862,P,36
1263,R,36
828,F,35
466,I,35
230,L,35
250,A,35
1249,F,35
679,Y,35
219,V,35
812,R,35
941,A,35
12,Y,35
1084,H,35
253,V,35
255,P,35
809,T,35
624,V,35
1205,K,35
567,I,35
494,S,35
326,V,35
1113,Q,35
252,G,35
963,I,35
12,C,35
680,P,35
655,R,35
272,T,35
371,S,35
6,V,35
836,H,35
153,M,35
208,A,35
1086,R,35
978,N,35
1153,H,35
794,N,35
282,S,35
1242,G,34
681,S,34
1240,F,34
449,H,34
1168,N,34
645,T,34
482,G,34
23,Q,34
403,R,34
623,T,34
1130,L,34
13,S,34
769,G,34
486,S,34
889,G,34
504,V,34
818,I,34
1167,R,34
272,P,34
297,L,34
646,R,34
589,S,34
632,N,34
86,L,34
918,D,34
1248,C,34
948,I,34
1086,K,34
177,K,34
938,I,34
656,I,34
936,G,34
340,A,34
143,I,34
658,D,34
876,A,34
795,K,34
210,I,34
273,T,34
981,I,34
522,T,33
1072,K,33
627,E,33
1108,S,33
453,Y,33
70,V,33
126,F,33
836,E,33
786,K,33
315,I,33
88,N,33
98,S,33
1060,L,33
243,T,33
993,I,33
411,T,33
146,L,33
561,L,33
330,P,33
867,N,33
1136,T,33
386,K,33
676,A,33
132,A,33
113,R,33
155,R,33
32,S,33
714,V,33
132,D,33
931,I,33
627,G,33
792,T,33
1201,R,33
551,V,33
146,R,33
25,H,33
688,A,32
1071,L,32
1121,F,32
915,V,32
787,H,32
414,L,32
614,G,32
95,S,32
554,E,32
144,T,32
126,V,32
1202,E,32
835,R,32
147,R,32
1128,V,32
890,T,32
1030,L,32
1125,D,32
15,C,32
811,K,32
1097,S,32
1191,K,32
1243,C,32
327,V,32
783,T,32
660,F,32
781,V,32
481,K,32
30,S,32
803,L,32
415,N,32
642,I,32
146,N,32
1075,L,32
82,H,32
956,A,32
561,H,32
539,I,32
106,F,32
215,N,32
653,S,32
97,E,32
1229,V,32
1157,K,32
19,S,32
1217,L,32
178,G,31
973,I,31
817,L,31
197,T,31
171,I,31
199,V,31
570,T,31
1149,N,31
150,I,31
482,D,31
176,L,31
751,D,31
246,G,31
92,F,31
1124,S,31
65,L,31
137,S,31
567,K,31
444,T,31
271,K,31
1243,S,31
883,S,31
532,N,31
758,S,31
318,S,31
691,Y,31
1232,I,31
708,S,31
417,K,31
902,I,31
1160,I,31
689,R,31
986,R,31
627,H,31
1163,H,31
676,S,31
266,C,31
728,S,31
389,G,31
393,I,31
666,N,31
500,S,30
1239,N,30
97,R,30
68,V,30
702,K,30
743,C,30
125,S,30
163,S,30
950,G,30
1071,R,30
376,T,30
367,A,30
524,V,30
379,C,30
1168,H,30
220,F,30
218,L,30
325,F,30
603,S,30
73,A,30
407,I,30
771,A,30
167,T,30
78,G,30
427,V,30
986,K,30
1094,A,30
456,F,30
751,S,30
626,T,30
592,S,30
460,K,30
845,T,30
1050,V,30
1130,V,30
535,K,30
509,R,30
493,E,30
87,S,30
808,H,30
772,A,30
298,E,30
234,K,30
796,G,30
156,E,30
218,E,30
779,H,30
1095,L,30
161,S,30
168,L,30
42,V,30
849,I,30
255,S,30
713,S,30
324,K,30
1027,T,30
315,T,30
549,A,30
1101,R,30
1114,L,30
1260,H,30
1144,D,30
604,N,30
846,T,30
113,N,29
496,G,29
203,V,29
615,A,29
152,W,29
1200,I,29
477,T,29
1118,H,29
788,L,29
756,Y,29
640,P,29
1229,L,29
197,I,29
1105,T,29
787,Q,29
428,Y,29
1095,F,29
111,H,29
214,C,29
446,A,29
140,S,29
338,F,29
1016,T,29
689,N,29
574,V,29
639,S,29
859,A,29
205,F,29
121,S,29
474,R,29
744,S,29
397,V,29
101,V,29
805,L,29
750,G,29
699,I,29
406,D,29
694,S,29
381,R,29
709,S,29
510,L,29
100,V,29
347,F,29
540,S,29
268,S,29
702,D,29
628,L,29
1173,S,29
788,V,29
780,G,29
1092,D,29
62,F,29
173,K,29
785,I,29
890,S,29
1184,G,29
260,D,29
376,S,28
690,H,28
526,G,28
1222,V,28
1099,V,28
486,L,28
292,A,28
808,G,28
79,F,28
870,S,28
779,L,28
624,M,28
1242,S,28
808,Y,28
799,V,28
1153,N,28
47,V,28
675,L,28
673,I,28
50,P,28
402,V,28
913,Q,28
1002,Q,28
215,A,28
1073,M,28
629,I,28
841,I,28
370,S,28
68,L,28
610,V,28
580,L,28
971,G,28
782,F,28
281,K,28
97,K,28
129,K,28
481,D,28
1041,G,28
339,C,28
1111,E,28
554,A,28
978,S,28
258,W,28
342,L,28
1150,Q,28
155,G,28
744,D,28
158,R,28
933,K,28
299,A,28
1202,G,28
340,V,28
1146,N,28
150,K,28
150,E,28
1239,G,28
1239,I,28
815,K,28
680,Y,28
882,V,28
1153,A,28
222,P,27
888,F,27
403,K,27
1208,Q,27
689,G,27
927,F,27
27,A,27
151,S,27
796,N,27
564,Q,27
99,S,27
248,C,27
570,Y,27
1142,L,27
791,K,27
830,G,27
761,A,27
929,N,27
207,R,27
554,K,27
418,V,27
134,L,27
1167,G,27
179,P,27
1081,I,27
152,W,27
1149,M,27
532,S,27
556,S,27
1224,S,27
493,Q,27
736,I,27
677,P,27
769,E,27
646,L,27
790,N,27
81,S,27
292,T,27
820,N,27
17,K,27
189,L,27
614,S,27
1260,E,27
773,E,27
1107,M,27
1161,S,27
937,T,27
788,I,27
1106,Q,27
34,C,27
681,H,27
1056,A,27
719,T,27
369,H,27
123,T,27
1170,Y,27
76,N,27
588,K,27
1201,L,27
248,S,27
19,T,27
557,K,27
100,L,27
1192,T,27
795,R,27
563,Q,27
730,S,27
891,G,27
45,P,27
198,H,27
838,D,27
96,A,27
1162,Q,26
1092,K,26
831,T,26
846,G,26
779,Q,26
228,G,26
611,F,26
1252,C,26
536,K,26
87,K,26
1163,A,26
60,F,26
939,Y,26
1015,S,26
1059,G,26
496,V,26
1162,T,26
42,I,26
17,D,26
215,E,26
700,G,26
1087,T,26
634,H,26
686,S,26
1165,N,26
517,I,26
464,F,26
1236,C,26
957,Q,26
148,Y,26
122,D,26
1189,A,26
123,S,26
926,Q,26
1033,V,26
73,N,26
90,L,26
417,R,26
876,S,26
14,L,26
1125,K,26
944,A,26
385,T,26
1253,Y,26
506,Q,26
634,R,26
672,A,26
406,E,26
1073,E,26
232,G,26
1255,N,26
947,R,26
813,G,26
105,T,26
1220,F,26
323,T,26
109,I,26
949,Q,26
616,K,26
94,T,26
10,I,26
136,C,26
529,R,26
94,A,26
726,V,26
471,E,26
1101,D,26
538,C,26
607,K,26
1040,A,26
440,Y,25
147,K,25
790,K,25
75,G,25
67,T,25
1058,R,25
287,N,25
30,K,25
13,N,25
1175,L,25
74,D,25
47,I,25
1244,P,25
476,D,25
1077,A,25
1162,A,25
884,C,25
154,A,25
164,H,25
175,F,25
69,R,25
964,R,25
174,H,25
674,F,25
690,L,25
1192,D,25
581,T,25
1262,K,25
39,S,25
1188,K,25
204,Y,25
211,S,25
98,P,25
1090,S,25
88,E,25
843,N,25
1236,Y,25
403,I,25
1243,Y,25
140,F,25
706,P,25
564,L,25
162,N,25
441,I,25
108,S,25
812,T,25
528,K,25
825,R,25
228,E,25
628,R,25
134,H,25
625,Q,25
1232,T,25
832,S,25
164,T,25
376,N,25
1158,S,25
1258,Q,25
182,E,25
1024,I,25
1185,L,25
118,I,25
872,Q,25
1187,D,25
354,H,25
299,T,25
259,S,25
323,A,25
798,D,25
1061,I,25
275,L,25
657,Y,25
148,D,25
839,V,25
175,S,25
124,S,25
620,F,24
235,V,24
512,I,24
1038,K,24
485,A,24
11,A,24
637,F,24
190,G,24
36,V,24
444,M,24
1230,A,24
939,S,24
309,G,24
1225,F,24
138,V,24
171,A,24
747,A,24
1257,E,24
231,V,24
642,A,24
14,Q,24
1227,M,24
839,E,24
1182,D,24
1185,S,24
944,S,24
687,A,24
784,Q,24
275,F,24
1074,K,24
137,K,24
74,Y,24
1084,V,24
118,L,24
941,S,24
485,R,24
183,L,24
264,T,24
206,R,24
204,H,24
71,A,24
89,G,24
471,D,24
150,T,24
167,S,24
670,I,24
177,M,24
99,D,24
209,H,24
739,A,24
780,K,24
604,A,24
804,H,24
281,E,24
1178,D,24
1081,I,24
1133,L,24
1266,K,24
827,A,24
762,Q,24
805,V,24
1136,K,24
462,K,23
1244,I,23
231,M,23
7,F,23
479,H,23
138,A,23
795,N,23
451,H,23
1072,D,23
255,Y,23
1014,I,23
6,A,23
798,G,23
895,Q,23
1113,R,23
1027,A,23
450,K,23
24,F,23
791,A,23
1137,V,23
1031,E,23
446,G,23
724,S,23
588,A,23
747,N,23
735,S,23
1071,K,23
1115,T,23
635,F,23
613,R,23
850,T,23
839,G,23
4,F,23
577,L,23
1140,S,23
1237,L,23
835,K,23
162,S,23
1223,C,23
853,Q,23
898,F,23
1272,H,23
824,D,23
199,C,23
19,R,23
1103,S,23
714,L,23
668,V,23
221,A,23
13,G,23
3,A,23
362,I,23
1151,E,23
1188,A,23
214,R,23
630,I,23
678,A,23
1122,A,23
721,G,23
850,I,23
155,N,23
209,P,22
1088,R,22
545,G,22
1047,H,22
1194,S,22
359,R,22
854,R,22
192,F,22
750,N,22
217,H,22
702,E,22
838,V,22
53,E,22
940,A,22
33,A,22
375,P,22
932,R,22
134,R,22
493,R,22
647,T,22
371,P,22
1241,Y,22
339,V,22
661,E,22
969,S,22
657,D,22
280,D,22
482,R,22
853,R,22
1084,N,22
63,N,22
1262,A,22
580,R,22
408,G,22
1158,D,22
458,R,22
954,L,22
156,Q,22
675,Q,22
135,F,22
1261,Y,22
46,A,22
758,I,22
337,H,22
247,R,22
853,K,22
93,V,22
1050,T,22
468,I,22
740,L,22
868,D,22
824,S,22
499,T,22
673,G,22
1266,N,22
692,V,22
203,L,22
310,R,22
257,G,22
184,G,22
658,Y,22
1092,G,22
448,D,22
814,T,22
457,S,22
101,M,22
606,K,22
404,G,22
440,S,22
1249,S,22
236,S,22
547,T,22
834,F,22
810,A,22
812,Q,22
372,T,21
250,T,21
153,L,21
630,A,21
1222,S,21
74,S,21
758,G,21
137,M,21
1113,H,21
554,V,21
370,K,21
1102,S,21
943,R,21
755,Q,21
1227,L,21
152,S,21
471,G,21
864,F,21
307,S,21
76,S,21
1144,A,21
610,I,21
676,P,21
215,V,21
1081,F,21
704,A,21
721,S,21
452,Q,21
279,F,21
1190,V,21
18,R,21
33,S,21
615,L,21
720,V,21
1020,G,21
588,T,21
57,S,21
271,L,21
870,T,21
503,A,21
80,E,21
420,N,21
1248,R,21
87,I,21
144,V,21
434,T,21
1213,S,21
300,K,21
192,L,21
511,L,21
732,S,21
12,P,21
1176,V,21
1220,L,21
1159,L,21
832,D,21
1192,H,21
494,A,21
13,C,21
350,V,21
498,R,21
68,M,21
709,K,21
965,Q,21
76,T,21
521,T,21
737,Y,20
242,I,20
608,F,20
268,G,20
1038,R,20
631,H,20
147,I,20
414,Q,20
1263,T,20
1249,P,20
448,N,20
1227,T,20
137,D,20
211,K,20
784,H,20
751,Y,20
1268,A,20
1135,D,20
307,A,20
654,D,20
67,F,20
820,E,20
511,I,20
628,Q,20
128,I,20
844,T,20
371,P,20
18,I,20
787,L,20
572,A,20
523,N,20
149,K,20
1011,Q,20
827,S,20
804,K,20
683,P,20
465,G,20
1137,I,20
908,G,20
92,L,20
79,S,20
436,L,20
87,D,20
793,T,20
51,A,20
899,V,20
1203,I,20
789,H,20
742,V,20
74,K,20
307,N,20
787,R,20
968,F,20
271,R,20
501,Y,20
1028,K,20
269,C,20
528,R,20
15,Y,20
719,S,20
1196,F,20
1169,T,20
173,L,20
180,Q,20
1116,S,20
166,S,20
786,R,20
130,I,20
395,F,20
990,D,20
183,K,20
169,D,19
808,E,19
807,T,19
61,K,19
982,L,19
158,G,19
1240,Y,19
130,L,19
1127,N,19
1061,F,19
1180,R,19
117,I,19
571,Y,19
271,E,19
58,V,19
826,M,19
1139,G,19
447,S,19
522,A,19
176,I,19
954,H,19
314,Q,19
97,Q,19
327,V,19
681,C,19
331,S,19
1219,A,19
976,V,19
796,H,19
754,S,19
83,A,19
262,D,19
476,A,19
415,A,19
654,A,19
400,F,19
1109,F,19
159,I,19
794,L,19
809,Q,19
205,S,19
476,G,19
1186,I,19
30,Y,19
791,P,19
49,L,19
836,K,19
82,T,19
246,R,19
679,I,19
1083,Q,19
281,V,19
234,Y,19
540,D,19
1109,L,19
569,F,19
751,K,19
811,R,19
109,S,19
41,R,19
618,S,19
149,D,19
765,S,19
799,G,19
113,T,19
597,I,19
771,D,19
678,N,19
516,E,18
703,Y,18
1071,Q,18
1168,E,18
380,F,18
176,P,18
731,L,18
1000,R,18
1045,E,18
1264,F,18
1191,R,18
860,A,18
659,T,18
960,K,18
802,F,18
1216,S,18
122,S,18
478,K,18
1146,A,18
221,S,18
979,H,18
1161,L,18
1265,L,18
1069,T,18
194,F,18
1161,P,18
1084,A,18
1027,S,18
359,I,18
309,E,18
52,K,18
814,E,18
1065,M,18
884,A,18
875,F,18
1226,S,18
1267,E,18
1180,L,18
1214,F,18
232,S,18
1165,A,18
672,T,18
280,S,18
804,Q,18
126,A,18
1163,V,18
813,R,18
1178,S,18
207,Q,18
448,T,18
242,P,18
340,G,18
1184,E,18
583,K,18
484,S,18
850,I,18
95,N,18
852,T,18
828,I,18
19,T,18
422,N,18
1017,E,18
835,E,18
1177,A,18
1009,A,18
100,M,18
1181,E,18
561,T,18
778,A,18
725,D,18
594,G,18
373,P,18
1027,N,18
323,R,17
228,A,17
926,H,17
1040,I,17
688,D,17
8,V,17
413,E,17
4,L,17
532,Y,17
868,E,17
473,H,17
1167,A,17
120,A,17
182,T,17
850,F,17
133,L,17
239,K,17
218,K,17
1155,F,17
1248,S,17
1101,N,17
1103,F,17
287,Y,17
1114,F,17
1010,L,17
925,D,17
498,Q,17
1174,T,17
549,S,17
817,F,17
593,V,17
1187,T,17
326,I,17
1265,I,17
446,G,17
759,F,17
569,T,17
149,S,17
681,P,17
721,I,17
300,R,17
926,L,17
173,Q,17
278,R,17
1120,A,17
308,V,17
412,L,17
296,I,17
552,I,17
26,R,17
319,R,17
672,S,17
674,H,17
348,E,17
1156,F,17
1096,A,17
1056,V,17
954,K,17
592,L,17
356,E,17
699,F,17
465,E,17
26,T,17
460,T,17
520,T,17
639,C,17
35,G,17
480,C,17
1247,R,17
1237,M,17
419,V,17
627,A,17
443,F,17
696,I,17
1226,T,17
940,Y,17
550,G,17
830,N,17
725,E,17
686,G,17
203,I,17
460,Y,17
1131,R,17
164,I,17
750,I,17
334,K,17
226,S,17
460,D,16
329,L,16
20,T,16
105,L,16
1008,A,16
110,F,16
74,T,16
61,S,16
378,R,16
178,E,16
656,A,16
90,A,16
607,L,16
1083,R,16
992,Q,16
964,K,16
1200,V,16
216,I,16
478,I,16
69,N,16
1254,Y,16
88,A,16
960,S,16
657,K,16
1170,A,16
1268,F,16
915,F,16
1069,H,16
201,L,16
278,N,16
124,N,16
967,G,16
6,L,16
1046,S,16
1260,A,16
1191,E,16
811,I,16
228,N,16
1142,Q,16
266,H,16
247,S,16
427,A,16
1086,N,16
435,T,16
159,A,16
1072,A,16
1157,R,16
638,A,16
1006,A,16
843,A,16
799,S,16
232,D,16
1260,G,16
694,T,16
419,T,16
87,Y,16
67,D,16
867,E,16
1034,I,16
256,A,16
820,H,16
121,D,16
703,D,16
839,A,16
797,L,16
476,V,16
417,E,16
1047,C,16
780,A,16
1256,F,16
153,M,16
461,I,16
598,I,16
620,I,16
154,E,16
309,E,16
188,K,16
180,A,16
357,I,16
373,A,16
947,K,16
187,E,16
1136,A,16
20,P,16
1251,A,16
791,T,16
115,H,16
1208,R,16
172,Y,16
97,T,16
1258,V,16
1119,S,16
415,S,16
657,S,16
182,I,16
772,F,16
1209,H,16
350,I,16
30,I,16
1003,S,16
1127,A,16
1197,I,16
925,Y,16
1182,E,16
556,D,16
540,K,16
183,P,16
914,S,16
824,Y,16
720,I,16
446,N,15
1076,A,15
692,F,15
1086,E,15
211,Y,15
575,V,15
640,Y,15
985,N,15
583,A,15
57,L,15
282,K,15
1050,L,15
217,L,15
354,T,15
1067,F,15
876,T,15
1134,Y,15
1150,G,15
305,A,15
415,I,15
274,N,15
35,S,15
678,S,15
371,F,15
520,A,15
581,S,15
783,E,15
1068,A,15
335,S,15
901,Q,15
174,P,15
540,Y,15
745,A,15
372,S,15
1097,L,15
477,D,15
943,S,15
309,A,15
103,C,15
571,G,15
842,C,15
961,S,15
9,Q,15
374,S,15
527,S,15
888,F,15
572,T,15
257,C,15
176,L,15
187,K,15
1127,E,15
1092,V,15
1180,Q,15
378,K,15
1173,K,15
363,V,15
402,I,15
321,R,15
1074,H,15
414,H,15
240,N,15
27,P,15
1070,A,15
1187,I,15
195,K,15
428,E,15
70,G,15
185,Y,15
768,A,15
679,T,15
158,R,15
294,G,15
1202,V,15
731,T,15
179,R,15
460,I,15
1111,A,15
635,A,15
41,N,15
66,Q,15
504,N,15
65,S,15
36,A,15
665,S,15
606,D,15
213,G,15
1090,L,15
600,L,15
479,R,15
333,K,15
126,I,15
344,D,15
881,I,15
485,D,15
1221,M,15
845,D,15
33,K,15
834,S,15
15,R,15
211,D,15
143,A,15
596,N,15
254,P,15
34,H,15
384,H,15
49,H,15
1125,S,15
678,P,15
1104,A,15
484,E,15
547,A,15
820,G,15
722,A,15
403,S,15
453,H,15
835,I,15
1202,D,15
737,E,14
198,A,14
321,K,14
69,L,14
1154,R,14
441,R,14
682,Q,14
58,S,14
375,A,14
1120,S,14
69,Q,14
370,D,14
752,P,14
1166,F,14
723,A,14
629,F,14
1176,I,14
763,S,14
257,G,14
69,D,14
119,I,14
19,A,14
371,L,14
320,L,14
18,L,14
323,K,14
371,I,14
1079,L,14
797,C,14
120,V,14
503,G,14
907,S,14
1242,T,14
239,Q,14
809,R,14
573,A,14
776,R,14
500,A,14
1147,A,14
1249,Y,14
751,T,14
613,K,14
254,S,14
670,T,14
471,A,14
85,T,14
522,E,14
868,G,14
854,E,14
558,M,14
230,S,14
954,Q,14
178,D,14
1234,I,14
1204,E,14
66,N,14
182,Q,14
730,A,14
1171,C,14
317,Y,14
956,S,14
603,K,14
975,S,14
710,V,14
957,H,14
472,L,14
586,N,14
68,K,14
752,V,14
621,H,14
896,L,14
997,V,14
587,V,14
702,V,14
242,H,14
1047,F,14
67,I,14
1187,K,14
936,A,14
1074,N,14
132,K,14
1091,S,14
245,N,14
882,T,14
613,Q,14
324,A,14
396,H,14
639,A,14
933,R,14
606,S,14
285,V,14
1042,L,14
565,V,14
1191,T,14
583,G,14
112,A,14
676,N,14
1205,E,14
1074,Y,14
449,S,14
168,F,14
798,V,14
1266,E,14
734,A,14
937,A,14
163,T,14
993,V,14
211,T,14
1207,G,14
187,I,14
108,A,13
1150,V,13
188,T,13
364,N,13
534,L,13
1262,V,13
257,R,13
954,Y,13
1154,E,13
719,N,13
409,Q,13
1221,L,13
81,D,13
583,E,13
518,I,13
253,E,13
641,D,13
161,Y,13
404,S,13
896,V,13
560,Q,13
1206,H,13
477,K,13
47,A,13
801,D,13
158,K,13
420,G,13
67,V,13
408,T,13
1157,E,13
830,H,13
42,F,13
309,D,13
281,E,13
1009,S,13
621,A,13
1240,S,13
375,F,13
202,K,13
24,V,13
1249,A,13
443,A,13
226,V,13
986,N,13
794,I,13
653,A,13
420,Y,13
29,T,13
490,I,13
447,G,13
762,L,13
324,D,13
1183,L,13
372,P,13
159,F,13
271,Q,13
162,G,13
105,I,13
314,R,13
339,D,13
420,A,13
923,V,13
469,L,13
1108,T,13
797,F,13
644,Q,13
1112,T,13
949,R,13
464,S,13
304,R,13
238,L,13
81,K,13
161,A,13
804,L,13
879,A,13
1100,A,13
807,Q,13
145,H,13
1225,L,13
661,G,13
518,P,13
786,N,13
613,L,13
58,L,13
947,T,13
185,T,13
514,Y,13
575,G,13
187,N,13
664,K,13
1066,I,13
523,T,13
77,E,13
1068,L,13
936,V,13
1233,L,13
120,V,13
1181,I,13
804,P,13
770,I,13
167,I,13
1132,T,13
814,N,13
1072,V,13
822,I,13
521,R,13
1096,F,13
371,A,13
52,Q,13
202,R,13
780,V,13
203,T,13
1135,Y,13
1023,Y,12
1023,D,12
446,R,12
900,L,12
1173,D,12
99,K,12
369,C,12
785,F,12
599,I,12
783,K,12
259,P,12
28,N,12
479,T,12
519,Q,12
250,S,12
837,F,12
1150,A,12
667,S,12
404,C,12
267,M,12
1170,P,12
496,S,12
297,A,12
1154,N,12
127,V,12
155,T,12
164,Y,12
15,S,12
292,G,12
867,A,12
588,S,12
799,D,12
471,V,12
571,E,12
278,Q,12
922,S,12
1205,T,12
857,S,12
371,T,12
239,H,12
199,S,12
185,K,12
680,A,12
28,F,12
272,P,12
1020,D,12
444,E,12
1137,F,12
174,T,12
872,L,12
281,A,12
895,H,12
575,T,12
515,L,12
54,S,12
1116,A,12
925,S,12
440,D,12
661,V,12
356,M,12
833,L,12
474,E,12
976,I,12
60,T,12
1134,D,12
352,D,12
762,H,12
1235,S,12
1029,I,12
655,L,12
245,P,12
1195,A,12
679,K,12
691,A,12
796,E,12
924,T,12
1141,S,12
366,F,12
1055,A,12
885,C,12
763,F,12
484,A,12
484,T,12
259,T,12
1146,G,12
666,S,12
1030,A,12
510,I,12
118,V,12
149,Y,12
389,N,12
658,S,12
1232,F,12
92,S,12
1202,A,12
63,A,12
148,H,12
1259,E,12
385,A,12
22,P,12
1168,A,12
243,P,12
1187,H,12
495,H,12
616,S,12
786,E,12
1074,I,12
596,T,12
1129,A,12
389,E,12
190,W,12
444,K,12
1083,N,12
703,H,12
813,T,12
362,L,12
481,I,12
1263,P,12
286,A,12
1111,V,12
1165,E,12
94,S,12
1012,S,12
999,C,12
553,A,12
112,F,12
596,S,12
61,D,12
396,F,12
912,A,12
795,E,12
1045,M,12
210,F,12
1238,A,12
12,A,12
1164,A,12
197,S,12
1225,S,12
484,P,12
1273,S,11
470,A,11
11,L,11
634,L,11
375,Y,11
675,Q,11
17,Y,11
474,K,11
723,N,11
1054,L,11
1110,H,11
553,N,11
141,S,11
918,A,11
1265,R,11
187,R,11
640,A,11
811,N,11
1221,I,11
108,N,11
580,E,11
1111,E,11
603,T,11
794,F,11
53,G,11
394,I,11
1134,S,11
270,I,11
619,A,11
153,K,11
145,D,11
804,R,11
18,K,11
1113,E,11
168,S,11
140,I,11
281,D,11
717,D,11
1210,I,11
798,C,11
1243,R,11
137,T,11
215,D,11
324,G,11
761,R,11
1234,P,11
1180,E,11
776,K,11
709,Y,11
22,S,11
558,E,11
679,D,11
929,G,11
871,T,11
1136,S,11
841,R,11
171,L,11
449,N,11
143,V,11
220,I,11
529,E,11
593,C,11
27,E,11
727,I,11
1118,E,11
1180,H,11
70,I,11
1255,R,11
60,A,11
314,H,11
659,P,11
661,E,11
1111,G,11
1011,H,11
325,Y,11
360,Y,11
886,Y,11
808,A,11
172,A,11
216,P,11
437,S,11
1199,V,11
1029,V,11
459,P,11
606,Y,11
1178,K,11
1245,E,11
639,D,11
1261,A,11
1204,V,11
1258,A,11
231,E,11
1092,A,11
96,K,11
352,T,11
181,G,11
778,N,11
16,L,11
736,L,11
240,A,11
397,S,11
573,T,11
729,L,11
1157,T,11
1259,N,11
1181,Q,11
356,Q,11
1123,A,11
1024,R,11
1154,I,11
935,R,11
146,P,11
1102,F,11
195,N,11
334,S,11
1178,H,11
1078,A,11
441,P,11
585,I,11
211,I,11
287,E,11
395,A,11
624,L,11
500,I,11
1031,D,11
249,V,11
670,L,11
658,T,10
225,L,10
1216,M,10
257,G,10
224,K,10
1204,R,10
619,V,10
173,Q,10
757,D,10
94,Y,10
1199,E,10
55,L,10
625,L,10
221,W,10
478,T,10
459,Y,10
178,D,10
712,T,10
45,A,10
264,D,10
632,A,10
94,P,10
20,N,10
164,D,10
576,F,10
806,S,10
873,H,10
2,S,10
345,S,10
85,Q,10
1127,V,10
616,D,10
947,I,10
638,R,10
640,C,10
802,L,10
208,S,10
1125,Y,10
861,S,10
848,E,10
402,L,10
155,S,10
1245,M,10
1205,Q,10
124,A,10
103,S,10
765,G,10
630,S,10
278,E,10
186,V,10
690,K,10
716,V,10
693,F,10
214,P,10
173,E,10
134,E,10
945,I,10
887,A,10
540,T,10
214,R,10
64,G,10
351,H,10
106,L,10
86,P,10
151,R,10
963,F,10
22,T,10
582,R,10
814,M,10
340,Q,10
543,L,10
284,A,10
390,I,10
455,W,10
752,I,10
934,M,10
766,V,10
713,D,10
1023,T,10
1097,A,10
822,V,10
322,L,10
951,L,10
447,D,10
659,A,10
1157,M,10
1188,G,10
98,Y,10
363,S,10
440,T,10
1250,R,10
434,L,10
934,L,10
655,Y,10
334,Y,10
156,G,10
516,K,10
1219,G,10
188,Y,10
639,R,10
644,L,10
314,L,10
87,T,10
1191,Q,10
516,G,10
875,A,10
52,E,10
854,T,10
784,R,10
522,V,10
403,T,10
217,P,10
964,K,10
815,M,10
536,S,10
473,F,10
952,A,10
792,Q,10
1231,S,10
1128,L,10
134,K,10
1001,F,10
684,P,10
877,M,10
521,Q,10
413,A,10
1011,L,10
483,G,10
1060,A,10
135,V,10
1021,Y,10
188,D,10
698,A,10
417,N,10
169,K,10
1118,A,10
462,R,10
858,H,10
661,A,10
256,T,10
331,T,10
696,A,10
569,L,10
239,L,10
1086,Q,10
1058,L,10
69,H,10
262,G,10
114,A,10
324,V,10
719,T,10
612,F,9
51,N,9
1169,L,9
354,Y,9
857,V,9
949,K,9
537,R,9
1052,I,9
1066,S,9
229,S,9
894,S,9
1216,F,9
44,K,9
1049,F,9
1073,Q,9
199,R,9
180,E,9
450,N,9
790,R,9
1152,F,9
569,S,9
620,L,9
1014,S,9
534,A,9
233,T,9
111,G,9
1037,L,9
287,V,9
708,C,9
259,K,9
468,F,9
836,P,9
703,I,9
778,S,9
304,N,9
1057,L,9
677,H,9
950,V,9
883,A,9
772,G,9
160,H,9
854,K,9
1009,N,9
1002,H,9
1214,L,9
771,A,9
772,V,9
128,T,9
333,A,9
101,L,9
594,V,9
738,F,9
713,T,9
245,D,9
244,V,9
504,C,9
546,F,9
635,V,9
47,L,9
294,N,9
457,M,9
564,H,9
688,G,9
914,D,9
244,F,9
717,K,9
50,A,9
36,V,9
710,S,9
568,G,9
710,K,9
879,G,9
478,R,9
1195,V,9
1153,V,9
835,N,9
1047,Y,9
23,K,9
395,I,9
23,P,9
603,I,9
570,D,9
1214,C,9
949,L,9
1038,T,9
1006,S,9
78,W,9
788,T,9
395,L,9
88,V,9
1115,L,9
1073,K,9
677,Y,9
859,S,9
1013,L,9
1077,S,9
721,R,9
349,A,9
394,D,9
1144,K,9
1191,M,9
1093,S,9
731,V,9
394,T,9
843,Y,9
242,R,9
224,G,9
528,I,9
383,F,9
629,V,9
1005,L,9
335,V,9
981,S,9
1223,V,9
651,I,9
770,M,9
241,S,9
979,V,9
529,M,9
1034,F,9
874,N,9
490,Y,9
967,T,9
708,A,9
918,V,9
967,N,9
567,S,9
448,Y,9
41,E,9
795,I,9
428,V,9
533,F,9
462,E,9
1135,S,9
1232,L,9
950,A,9
858,V,9
1192,Y,9
594,D,9
462,Q,9
472,F,9
1208,L,9
1207,A,9
856,K,9
41,I,9
990,A,9
1252,A,9
975,N,9
64,W,9
1259,H,9
136,S,9
747,T,9
1240,G,9
1114,S,9
889,S,9
904,H,9
132,V,9
790,E,9
1218,I,9
830,E,9
1270,S,9
405,E,9
152,G,9
478,E,9
917,F,9
812,P,9
458,Q,9
705,A,9
641,T,9
1097,T,9
250,P,9
812,A,9
655,F,9
1117,A,9
929,R,9
309,V,9
641,K,9
494,T,9
160,F,9
337,R,9
202,N,9
820,Y,8
1061,A,8
570,G,8
565,S,8
481,Y,8
1168,V,8
902,L,8
853,L,8
686,N,8
1086,I,8
32,V,8
920,Q,8
1108,H,8
638,K,8
204,F,8
835,T,8
1208,K,8
939,A,8
806,Q,8
449,D,8
209,T,8
463,T,8
831,D,8
1111,D,8
346,K,8
162,R,8
407,A,8
949,E,8
501,H,8
85,R,8
1181,T,8
1075,Y,8
967,R,8
621,R,8
1195,K,8
348,P,8
69,P,8
646,P,8
701,E,8
149,I,8
27,A,8
985,E,8
20,S,8
300,M,8
434,M,8
307,T,8
265,F,8
764,Y,8
316,F,8
520,P,8
1160,A,8
709,T,8
1140,L,8
91,F,8
135,I,8
172,T,8
697,L,8
1020,A,8
796,Y,8
745,E,8
102,T,8
1273,A,8
217,T,8
228,V,8
976,A,8
845,G,8
118,P,8
1131,E,8
183,E,8
815,S,8
24,I,8
95,I,8
154,D,8
1142,R,8
603,H,8
881,A,8
355,S,8
904,F,8
761,S,8
199,D,8
1128,A,8
1101,H,8
1175,A,8
935,E,8
1081,L,8
293,I,8
116,P,8
1145,F,8
282,D,8
729,M,8
960,D,8
50,T,8
876,V,8
685,L,8
614,N,8
405,H,8
498,H,8
284,N,8
998,A,8
552,V,8
165,Y,8
709,D,8
98,A,8
713,V,8
885,S,8
1018,M,8
833,S,8
290,E,8
747,S,8
1066,A,8
1194,T,8
1198,T,8
120,L,8
1118,G,8
149,T,8
287,A,8
282,Y,8
389,Y,8
1026,T,8
1038,N,8
1206,F,8
891,S,8
67,A,8
128,F,8
189,L,8
1247,W,8
160,C,8
174,R,8
1123,F,8
9,R,8
458,E,8
105,F,8
147,Q,8
547,K,8
262,P,8
189,I,8
404,R,8
91,H,8
692,M,8
101,I,8
302,M,8
596,C,8
1071,E,8
1045,T,8
558,Q,8
32,Y,8
868,V,8
719,A,8
493,R,8
1227,I,8
1098,S,8
938,L,8
281,G,8
312,L,8
797,V,8
703,K,8
1033,L,8
10,V,8
7,S,8
863,L,8
513,P,8
185,I,8
289,A,8
732,A,8
214,S,8
360,S,8
1198,F,8
685,R,8
14,Q,8
81,Y,8
29,T,8
520,E,7
878,S,7
140,V,7
231,L,7
384,A,7
955,H,7
316,A,7
1172,F,7
1158,H,7
716,S,7
1063,V,7
630,N,7
136,Y,7
661,K,7
1144,G,7
89,S,7
518,V,7
446,I,7
283,A,7
925,K,7
332,V,7
28,C,7
1212,C,7
53,A,7
546,V,7
93,T,7
256,S,7
1100,S,7
704,S,7
138,E,7
457,K,7
714,M,7
838,C,7
979,E,7
788,M,7
921,E,7
1199,A,7
655,P,7
640,T,7
935,K,7
844,M,7
493,P,7
783,G,7
1210,M,7
786,Q,7
1135,K,7
65,C,7
745,Y,7
593,S,7
1178,Y,7
212,V,7
684,E,7
405,V,7
1250,S,7
131,S,7
1196,Y,7
1089,Y,7
154,V,7
1143,T,7
1003,I,7
1017,D,7
1229,M,7
343,D,7
141,W,7
113,M,7
477,S,7
155,S,7
914,Y,7
1011,R,7
689,T,7
274,A,7
934,T,7
378,M,7
350,A,7
161,P,7
1107,G,7
574,G,7
685,H,7
430,A,7
1069,L,7
450,S,7
132,G,7
1048,Y,7
732,S,7
458,T,7
618,K,7
641,Y,7
1209,F,7
276,I,7
1135,I,7
940,T,7
885,D,7
208,K,7
793,Q,7
886,C,7
361,T,7
277,F,7
1162,P,7
748,K,7
176,H,7
1163,E,7
258,G,7
923,L,7
1089,L,7
524,I,7
944,V,7
104,L,7
1158,T,7
1175,T,7
1139,E,7
902,V,7
868,A,7
60,P,7
1015,V,7
144,C,7
603,D,7
825,E,7
1098,T,7
1099,C,7
323,L,7
885,V,7
806,V,7
716,A,7
688,P,7
1154,T,7
25,R,7
129,R,7
628,Q,7
48,S,7
1017,G,7
1173,Y,7
799,C,7
404,A,7
84,P,7
925,H,7
918,K,7
266,F,7
776,T,7
1259,D,7
673,R,7
632,S,7
750,R,7
147,T,7
26,P,7
844,S,7
100,I,7
265,H,7
717,T,7
481,T,7
501,F,7
468,L,7
1210,L,7
502,S,7
60,C,7
71,T,7
988,D,7
954,R,7
692,L,7
1070,E,7
618,R,7
625,N,7
388,S,7
220,V,7
933,E,7
811,Q,7
893,T,7
27,G,7
122,K,7
857,C,7
940,C,7
269,F,7
141,M,7
921,R,7
704,T,7
1046,D,7
242,L,7
1092,Q,7
892,T,7
141,V,7
1122,F,7
1270,I,7
991,L,7
67,G,7
796,D,7
645,I,7
640,S,7
1010,Q,7
240,T,7
1118,D,7
677,K,7
591,P,7
580,K,7
1119,D,7
832,V,7
156,A,7
1052,F,7
1026,V,7
216,L,7
810,P,6
751,I,6
810,T,6
1117,T,6
478,Q,6
543,V,6
888,V,6
215,D,6
675,E,6
232,A,6
68,R,6
55,Y,6
86,I,6
351,F,6
241,V,6
576,L,6
536,Y,6
852,E,6
1202,E,6
675,P,6
193,M,6
466,K,6
1196,A,6
206,N,6
1188,Q,6
808,V,6
700,V,6
831,A,6
899,T,6
513,I,6
1257,Y,6
25,P,6
921,N,6
213,E,6
1258,K,6
1232,S,6
1058,N,6
487,S,6
1007,H,6
84,Q,6
1100,K,6
207,L,6
664,V,6
711,A,6
1049,L,6
1106,L,6
725,Q,6
529,T,6
1182,K,6
1219,D,6
862,L,6
1141,W,6
468,M,6
360,K,6
908,S,6
127,A,6
421,F,6
442,Y,6
589,Q,6
805,I,6
263,A,6
922,M,6
39,H,6
1103,C,6
97,M,6
790,T,6
222,F,6
1121,V,6
1194,Y,6
502,D,6
963,A,6
106,I,6
556,T,6
591,A,6
588,R,6
38,H,6
886,F,6
913,L,6
202,T,6
834,L,6
288,T,6
322,A,6
908,C,6
921,Q,6
298,Q,6
222,I,6
91,C,6
1172,T,6
163,E,6
392,S,6
1119,K,6
438,F,6
409,E,6
321,E,6
532,K,6
517,H,6
1207,V,6
564,E,6
384,R,6
345,I,6
918,G,6
1179,L,6
74,I,6
1211,R,6
375,L,6
1018,T,6
764,K,6
141,L,6
380,H,6
349,F,6
706,T,6
19,S,6
71,S,6
51,S,6
469,A,6
462,I,6
95,V,6
1225,N,6
45,Y,6
446,T,6
706,G,6
708,Y,6
1224,V,6
817,S,6
1146,V,6
1110,F,6
442,V,6
935,L,6
759,S,6
856,D,6
156,K,6
508,N,6
761,K,6
33,R,6
1081,M,6
35,G,6
1252,S,6
36,L,6
646,S,6
781,G,6
282,T,6
255,A,6
508,C,6
744,C,6
862,Q,6
1178,I,6
502,V,6
677,E,6
1190,T,6
1253,S,6
14,E,6
207,N,6
14,K,6
1002,E,6
90,D,6
111,E,6
479,P,6
532,D,6
67,P,6
89,V,6
69,S,6
150,K,6
330,T,6
187,T,6
410,L,6
1266,T,6
496,C,6
218,P,6
1167,F,6
125,T,6
424,N,6
586,G,6
677,Q,6
861,V,6
1228,V,6
263,E,6
59,Y,6
325,A,6
243,G,6
1117,K,6
584,T,6
61,Y,6
1171,A,6
1070,G,6
1119,T,6
144,F,6
814,Q,6
1004,F,6
1119,Y,6
1255,E,6
113,Q,6
730,P,6
986,Q,6
926,K,6
296,F,6
696,N,6
74,H,6
222,A,6
989,S,6
498,K,6
1052,Y,6
570,G,6
537,T,6
327,F,6
237,G,6
67,A,6
490,F,6
441,L,6
179,S,6
372,E,6
647,P,6
716,K,6
737,V,6
1033,I,6
4,S,6
803,A,6
576,A,6
1041,E,6
1132,F,6
631,T,6
1098,D,6
868,K,6
1188,V,6
21,R,6
115,R,6
1125,T,6
282,I,6
586,A,6
537,N,6
240,S,6
684,A,6
363,T,6
161,T,5
1177,V,5
869,L,5
528,T,5
1002,L,5
145,Y,5
586,E,5
300,Q,5
1271,N,5
702,G,5
691,T,5
1117,R,5
66,H,5
686,I,5
332,T,5
259,R,5
4,I,5
985,G,5
8,W,5
317,N,5
176,V,5
947,N,5
1236,G,5
221,F,5
113,E,5
156,V,5
414,Q,5
248,F,5
938,V,5
737,G,5
678,T,5
958,V,5
137,Y,5
1260,D,5
89,D,5
1049,V,5
619,G,5
1247,G,5
770,T,5
530,F,5
775,N,5
1087,P,5
37,H,5
256,S,5
1067,C,5
1106,H,5
111,D,5
565,Y,5
1260,D,5
294,E,5
497,L,5
700,C,5
40,G,5
853,H,5
409,K,5
1001,I,5
362,A,5
466,S,5
874,A,5
502,C,5
978,D,5
1224,M,5
1225,M,5
519,R,5
947,E,5
104,R,5
950,E,5
40,E,5
440,I,5
16,G,5
1245,T,5
26,F,5
138,D,5
201,S,5
145,S,5
1041,N,5
1114,M,5
918,Q,5
43,Y,5
679,H,5
762,E,5
1117,S,5
10,Q,5
366,Y,5
353,S,5
987,I,5
139,R,5
255,T,5
165,D,5
84,V,5
957,E,5
1090,T,5
668,T,5
834,I,5
967,I,5
115,L,5
418,T,5
32,C,5
403,G,5
7,I,5
199,A,5
23,E,5
553,S,5
109,N,5
964,N,5
428,H,5
276,V,5
358,L,5
34,S,5
291,S,5
142,R,5
748,A,5
661,Q,5
830,A,5
1132,N,5
1179,T,5
978,H,5
385,S,5
722,F,5
186,F,5
846,D,5
771,T,5
600,S,5
417,M,5
911,F,5
795,Q,5
847,S,5
49,R,5
96,Y,5
402,T,5
913,E,5
1134,H,5
1112,R,5
185,N,5
274,S,5
92,C,5
609,S,5
1135,H,5
243,D,5
177,L,5
407,F,5
1088,Q,5
62,A,5
417,S,5
932,A,5
369,F,5
1241,S,5
624,T,5
358,T,5
1118,V,5
1242,K,5
1219,G,5
384,T,5
679,R,5
486,I,5
375,T,5
895,K,5
463,F,5
1151,A,5
933,N,5
621,T,5
143,L,5
1080,V,5
184,C,5
353,F,5
196,S,5
834,N,5
1025,G,5
669,A,5
413,C,5
389,A,5
196,I,5
435,V,5
112,T,5
229,V,5
710,T,5
144,V,5
153,M,5
460,H,5
114,I,5
144,N,5
1119,I,5
471,K,5
708,T,5
304,Q,5
61,I,5
1173,T,5
536,D,5
1093,C,5
241,F,5
393,S,5
795,T,5
631,R,5
425,V,5
59,C,5
21,F,5
121,K,5
1253,G,5
1239,C,5
1019,T,5
77,M,5
146,D,5
1071,Q,5
811,E,5
130,A,5
790,I,5
797,S,5
1081,T,5
370,Y,5
415,P,5
359,T,5
999,V,5
90,G,5
1170,T,5
1264,F,5
405,A,5
29,S,5
544,S,5
39,L,5
1184,V,5
17,T,5
15,G,5
400,L,5
1258,G,5
1013,T,5
516,V,5
478,A,5
1259,D,5
82,R,5
502,N,5
501,K,5
66,L,5
754,L,5
31,A,5
715,L,5
796,V,5
503,L,5
727,P,5
57,T,5
525,F,5
917,H,5
680,T,5
702,A,5
404,V,5
654,G,5
160,Y,5
352,G,5
946,A,5
1151,Q,5
293,H,5
1125,H,5
1235,C,5
347,L,5
52,Q,5
1163,D,5
103,V,5
279,N,5
66,P,5
357,T,5
8,S,5
560,M,5
641,I,5
939,C,5
519,N,5
87,V,5
843,V,5
445,G,5
1058,Q,5
871,G,5
830,V,5
1248,W,5
158,R,5
20,I,5
938,P,5
607,E,5
1158,I,5
252,R,5
899,A,5
165,S,5
969,T,5
1259,V,5
651,T,5
285,T,5
1215,F,5
56,S,5
1139,A,5
251,P,5
502,A,5
781,A,4
105,S,4
1243,G,4
103,R,4
107,R,4
1162,P,4
249,W,4
169,G,4
1193,F,4
459,A,4
5,P,4
547,R,4
159,L,4
421,H,4
97,K,4
424,R,4
244,I,4
1249,T,4
1075,V,4
751,H,4
1162,L,4
344,G,4
707,H,4
1038,E,4
144,Y,4
823,L,4
982,A,4
35,A,4
373,T,4
261,F,4
126,G,4
717,H,4
204,C,4
1171,R,4
1165,H,4
264,A,4
937,E,4
401,A,4
476,R,4
822,L,4
1243,W,4
1131,V,4
343,I,4
1192,K,4
25,A,4
313,H,4
224,A,4
55,S,4
506,H,4
1107,W,4
27,L,4
87,N,4
65,Y,4
680,S,4
1036,H,4
386,R,4
353,R,4
1107,T,4
530,P,4
269,N,4
62,G,4
1080,P,4
503,T,4
72,G,4
748,V,4
1186,F,4
21,L,4
306,S,4
556,Y,4
856,I,4
417,T,4
18,V,4
356,K,4
936,D,4
104,F,4
746,T,4
87,H,4
777,S,4
866,S,4
230,Q,4
1087,G,4
589,L,4
86,Q,4
687,V,4
1024,V,4
1239,R,4
528,E,4
512,L,4
628,H,4
445,L,4
710,Y,4
964,I,4
1149,Q,4
518,Q,4
444,K,4
742,T,4
740,K,4
131,Y,4
133,S,4
40,N,4
72,G,4
114,S,4
1029,T,4
978,Y,4
1250,W,4
475,P,4
656,F,4
785,G,4
19,R,4
169,Q,4
86,V,4
1076,K,4
637,C,4
164,K,4
862,A,4
162,T,4
543,I,4
1086,T,4
658,I,4
716,L,4
459,S,4
1200,P,4
30,T,4
676,T,4
14,Q,4
263,P,4
681,F,4
658,H,4
510,A,4
285,L,4
52,P,4
532,H,4
1053,S,4
41,Q,4
234,D,4
210,N,4
516,A,4
967,V,4
570,V,4
95,P,4
501,H,4
333,S,4
196,Y,4
427,E,4
139,Q,4
144,D,4
1198,L,4
1266,Q,4
99,Y,4
1263,P,4
893,P,4
8,M,4
448,I,4
638,S,4
125,G,4
504,L,4
316,Y,4
668,G,4
1244,R,4
793,R,4
833,V,4
61,T,4
393,A,4
64,K,4
792,R,4
312,T,4
818,T,4
79,V,4
331,Y,4
209,R,4
1218,P,4
1211,N,4
125,D,4
368,P,4
1038,Q,4
806,F,4
667,C,4
358,F,4
306,V,4
16,V,4
346,R,4
268,V,4
766,S,4
206,E,4
532,I,4
685,C,4
58,Y,4
581,I,4
545,C,4
1219,R,4
492,F,4
371,F,4
1161,A,4
1034,R,4
990,Q,4
470,S,4
181,L,4
801,K,4
321,H,4
798,G,4
447,C,4
145,F,4
316,T,4
980,V,4
1039,K,4
153,R,4
758,T,4
93,P,4
1020,P,4
137,I,4
105,I,4
192,I,4
143,V,4
214,Y,4
855,V,4
539,L,4
776,E,4
247,T,4
926,R,4
664,L,4
1183,M,4
748,D,4
1176,L,4
889,C,4
253,H,4
503,D,4
507,L,4
824,K,4
1205,M,4
196,T,4
127,L,4
480,Y,4
545,S,4
71,L,4
811,T,4
690,P,4
322,T,4
864,S,4
584,L,4
717,Y,4
1052,V,4
844,F,4
850,S,4
246,R,4
784,K,4
92,I,4
188,H,4
436,R,4
1101,L,4
611,P,4
205,A,4
1079,A,4
392,L,4
221,P,4
500,N,4
45,T,4
1212,L,4
1237,K,4
144,Y,4
991,G,4
1062,Y,4
1165,V,4
786,T,4
1255,T,4
448,K,4
4,C,4
241,I,4
1167,G,4
409,H,4
488,R,4
535,R,4
1127,H,4
175,I,4
896,I,4
338,S,4
1143,R,4
86,S,4
417,I,4
1148,L,4
655,Q,4
529,Q,4
990,G,4
1184,H,4
636,F,4
83,V,4
496,T,4
125,K,4
478,T,4
85,P,4
745,V,4
747,P,4
891,V,4
1103,V,4
982,T,4
1023,H,4
367,G,4
666,L,4
1231,P,4
230,T,4
642,L,4
558,T,4
1023,I,4
1194,H,4
1175,P,4
131,F,4
274,T,4
1158,Y,4
465,A,4
874,S,4
177,R,4
1134,K,4
842,G,4
139,T,4
439,Y,4
110,S,4
19,L,4
48,F,4
370,H,4
1045,Q,4
149,H,4
975,I,4
682,P,4
1052,F,4
68,I,4
123,D,4
138,D,4
409,L,4
312,M,4
506,K,4
44,I,4
284,T,4
1109,I,4
111,A,4
93,D,4
284,P,4
329,V,4
428,A,4
755,L,4
1264,L,4
942,A,4
542,S,4
1264,G,4
519,D,4
1053,L,4
513,V,4
540,I,4
273,G,4
504,E,4
549,K,4
772,D,4
170,F,4
993,L,4
227,E,4
6,G,4
1220,V,4
410,T,4
221,T,4
304,E,4
37,C,4
6,V,4
454,I,3
1151,G,3
306,I,3
276,P,3
732,T,3
512,A,3
474,L,3
379,F,3
524,F,3
528,N,3
207,P,3
54,V,3
92,V,3
1270,V,3
1008,L,3
940,S,3
129,Q,3
382,M,3
1233,M,3
4,V,3
452,L,3
381,E,3
1265,H,3
801,S,3
1128,V,3
31,T,3
1160,K,3
1201,N,3
346,E,3
514,A,3
673,S,3
1082,F,3
1214,S,3
781,D,3
746,L,3
179,H,3
99,H,3
142,G,3
812,L,3
1172,N,3
782,Y,3
77,Q,3
22,F,3
771,G,3
492,S,3
584,F,3
193,A,3
832,R,3
1018,L,3
429,L,3
677,R,3
495,S,3
109,R,3
495,D,3
103,D,3
387,A,3
206,T,3
96,E,3
488,S,3
1254,C,3
110,I,3
93,G,3
1017,A,3
637,A,3
504,F,3
267,A,3
1212,R,3
992,H,3
146,H,3
343,K,3
728,T,3
1141,L,3
154,E,3
275,C,3
104,S,3
502,E,3
482,A,3
1072,G,3
1203,P,3
1083,L,3
743,S,3
1258,E,3
502,L,3
912,K,3
527,L,3
198,V,3
353,L,3
1269,E,3
265,S,3
146,H,3
104,C,3
43,L,3
213,E,3
503,C,3
1096,L,3
536,H,3
926,E,3
384,P,3
87,F,3
878,V,3
503,S,3
1150,Y,3
1251,L,3
215,C,3
504,A,3
500,P,3
98,T,3
344,F,3
499,Q,3
1042,I,3
796,Y,3
1267,A,3
1040,V,3
146,K,3
1012,F,3
134,Q,3
507,A,3
223,F,3
609,V,3
175,C,3
295,L,3
496,S,3
1250,G,3
496,I,3
233,M,3
854,Q,3
365,C,3
121,T,3
562,S,3
1067,H,3
933,I,3
1255,I,3
374,V,3
758,R,3
781,I,3
954,L,3
1118,Q,3
896,M,3
727,Q,3
998,S,3
439,S,3
888,S,3
852,A,3
496,D,3
790,Q,3
889,V,3
345,N,3
25,P,3
1208,Q,3
1106,R,3
1003,G,3
28,D,3
519,P,3
72,A,3
1138,F,3
987,L,3
496,R,3
920,H,3
565,I,3
439,I,3
826,A,3
626,E,3
488,Y,3
220,S,3
331,D,3
770,L,3
279,H,3
931,T,3
538,R,3
319,T,3
730,Y,3
491,L,3
43,S,3
169,A,3
1017,K,3
102,R,3
1148,S,3
759,C,3
567,G,3
1039,S,3
547,R,3
107,C,3
1063,M,3
699,P,3
884,Y,3
579,L,3
657,H,3
498,H,3
462,T,3
107,D,3
557,R,3
1031,V,3
796,F,3
524,A,3
786,I,3
697,T,3
771,N,3
636,H,3
773,Q,3
106,V,3
1216,N,3
969,R,3
701,E,3
981,F,3
889,F,3
1196,T,3
1200,R,3
253,S,3
463,R,3
1268,L,3
1251,G,3
1271,L,3
773,D,3
859,N,3
235,F,3
817,V,3
959,F,3
930,G,3
222,V,3
111,V,3
707,F,3
654,E,3
1043,F,3
34,R,3
879,P,3
417,H,3
785,L,3
904,S,3
263,A,3
382,E,3
533,V,3
606,H,3
574,E,3
505,F,3
984,F,3
90,V,3
143,T,3
322,R,3
408,S,3
144,N,3
490,R,3
732,T,3
742,F,3
523,S,3
1207,K,3
988,A,3
129,E,3
2,Y,3
986,I,3
501,N,3
703,T,3
318,Y,3
248,Y,3
1031,Q,3
858,P,3
823,S,3
1039,G,3
143,C,3
1108,K,3
1192,I,3
391,Y,3
205,Y,3
69,S,3
647,A,3
978,T,3
974,L,3
246,E,3
378,E,3
288,G,3
1142,H,3
51,T,3
494,R,3
864,V,3
605,F,3
936,D,3
696,S,3
753,F,3
86,C,3
622,G,3
1242,R,3
973,F,3
775,E,3
664,I,3
138,Y,3
1138,H,3
501,D,3
812,P,3
1194,K,3
583,V,3
614,A,3
815,T,3
711,P,3
835,Q,3
827,K,3
449,Y,3
157,F,3
474,P,3
78,R,3
1015,T,3
1038,I,3
859,T,3
614,V,3
558,K,3
863,T,3
931,M,3
660,C,3
966,F,3
1021,A,3
930,F,3
1078,A,3
202,E,3
709,I,3
568,Y,3
915,L,3
556,I,3
936,D,3
540,H,3
729,E,3
856,T,3
208,T,3
49,Q,3
497,Y,3
775,G,3
822,P,3
357,S,3
106,S,3
3,V,3
453,C,3
605,T,3
1023,K,3
1019,I,3
1261,T,3
205,T,3
487,D,3
884,T,3
985,V,3
907,T,3
1252,T,3
716,R,3
843,E,3
846,P,3
681,S,3
972,S,3
70,V,3
399,A,3
133,I,3
1137,A,3
718,S,3
44,G,3
1252,S,3
595,A,3
388,I,3
293,V,3
78,R,3
436,F,3
438,P,3
623,A,3
2,V,3
653,T,3
630,P,3
331,K,3
872,H,3
129,N,3
315,S,3
781,F,3
213,V,3
1162,L,3
701,G,3
832,C,3
833,Y,3
622,V,3
1149,E,3
190,N,3
784,P,3
478,N,3
484,R,3
927,L,3
196,K,3
971,C,3
374,Y,3
501,T,3
591,Y,3
116,Y,3
627,T,3
260,P,3
544,Y,3
1085,L,3
211,H,3
933,Q,3
298,K,3
686,R,3
47,G,3
252,C,3
119,T,3
509,K,3
1264,V,3
517,P,3
1108,I,3
61,H,3
438,A,3
866,I,3
854,M,3
30,D,3
364,Y,3
870,L,3
198,N,3
1108,Y,3
420,E,3
1153,D,3
602,A,3
404,F,3
861,F,3
514,T,3
537,E,3
293,P,3
85,A,3
83,V,3
284,S,3
1090,A,3
1255,Q,3
921,I,3
225,S,3
446,F,3
602,S,3
929,C,3
541,L,3
302,K,3
212,F,3
1242,C,3
286,K,3
1010,E,3
397,T,3
1203,V,3
327,L,3
323,S,3
780,E,3
361,F,3
838,R,3
4,Y,3
1100,P,3
994,N,3
486,Y,3
976,G,3
101,S,3
1244,H,3
434,I,3
582,H,3
39,T,3
1070,A,3
813,C,3
261,G,3
71,C,3
488,F,3
370,I,3
602,I,3
338,I,3
929,S,3
733,R,3
360,D,3
181,L,3
632,F,3
1148,Y,3
1132,L,3
964,E,3
1271,R,3
254,A,3
537,I,3
1213,Q,3
212,I,3
144,L,3
824,I,3
173,P,3
180,E,3
79,C,3
1238,S,3
271,H,3
450,I,3
81,H,3
1216,L,3
123,A,3
706,A,3
59,F,3
312,F,3
887,S,3
357,R,3
197,N,3
396,C,3
666,S,3
1241,G,3
224,V,3
693,L,3
458,M,3
557,I,3
131,R,3
796,A,3
155,C,3
914,I,3
341,F,3
17,I,3
1158,K,3
624,F,3
1265,V,3
374,I,3
1173,I,3
370,T,3
1074,T,3
420,V,3
957,K,3
760,F,3
841,H,3
1046,C,3
605,A,3
330,H,3
389,H,3
1022,V,3
1256,L,3
82,P,3
406,A,3
763,V,3
777,H,3
463,H,3
224,D,3
54,W,3
714,I,3
882,F,3
364,G,3
1229,K,3
983,C,3
1214,Y,3
86,Y,3
206,M,3
455,L,3
1143,H,3
1179,F,3
162,C,3
385,T,3
547,T,3
355,K,3
1241,R,3
150,Q,3
931,L,3
100,K,2
1264,E,2
1080,D,2
348,A,2
930,D,2
1247,C,2
163,G,2
186,C,2
88,P,2
344,P,2
688,A,2
1244,V,2
28,S,2
1141,L,2
20,F,2
500,E,2
500,G,2
1118,N,2
1024,P,2
380,C,2
755,H,2
73,P,2
870,I,2
796,D,2
548,S,2
1084,D,2
259,T,2
121,H,2
792,P,2
62,V,2
34,P,2
665,L,2
994,Y,2
1074,S,2
121,I,2
792,A,2
268,A,2
900,T,2
145,Y,2
964,T,2
632,T,2
453,S,2
880,C,2
498,L,2
862,T,2
5,R,2
257,W,2
1098,Y,2
599,S,2
119,S,2
625,D,2
361,R,2
1240,R,2
278,I,2
359,R,2
935,H,2
243,A,2
617,S,2
503,E,2
1132,S,2
25,T,2
407,L,2
824,H,2
509,T,2
1021,P,2
406,G,2
141,G,2
617,R,2
449,Y,2
330,A,2
587,L,2
6,C,2
715,T,2
1207,Q,2
995,M,2
877,P,2
1030,P,2
261,G,2
164,N,2
242,L,2
1039,T,2
152,Q,2
124,F,2
1184,D,2
739,T,2
860,G,2
1041,A,2
272,F,2
504,H,2
989,G,2
160,N,2
502,T,2
242,Q,2
467,V,2
338,P,2
680,S,2
492,I,2
507,H,2
1139,V,2
693,T,2
315,A,2
25,F,2
246,R,2
157,S,2
319,E,2
890,P,2
242,V,2
747,T,2
298,G,2
342,I,2
1098,K,2
88,R,2
1044,E,2
352,N,2
803,C,2
132,T,2
1257,H,2
303,L,2
916,I,2
258,R,2
834,M,2
225,Q,2
232,R,2
331,I,2
131,G,2
699,V,2
831,G,2
176,R,2
535,E,2
1050,M,2
233,S,2
487,K,2
293,M,2
583,E,2
1103,Y,2
239,E,2
319,K,2
417,M,2
64,W,2
304,T,2
89,A,2
1106,E,2
586,H,2
450,T,2
1100,R,2
748,G,2
561,R,2
266,S,2
516,D,2
1035,R,2
138,H,2
222,L,2
1006,R,2
123,P,2
342,V,2
484,R,2
2,F,2
86,P,2
346,F,2
764,S,2
411,D,2
128,I,2
84,A,2
501,I,2
581,K,2
1087,A,2
788,F,2
393,N,2
357,E,2
605,Y,2
680,V,2
761,P,2
514,S,2
116,C,2
867,D,2
146,K,2
881,S,2
159,S,2
1091,G,2
1263,A,2
275,S,2
117,V,2
1116,T,2
88,L,2
254,T,2
971,V,2
165,I,2
192,Y,2
1184,A,2
1169,I,2
87,M,2
845,P,2
300,L,2
759,L,2
197,D,2
761,T,2
470,T,2
1020,F,2
1240,C,2
41,G,2
111,Y,2
175,V,2
1057,R,2
867,V,2
592,I,2
787,Q,2
456,Y,2
750,T,2
1042,V,2
1209,C,2
1101,Y,2
93,Y,2
973,M,2
1055,P,2
481,H,2
286,R,2
394,Y,2
315,N,2
611,I,2
1120,T,2
166,I,2
107,E,2
136,C,2
589,R,2
688,F,2
186,I,2
223,I,2
586,V,2
482,F,2
603,Y,2
1076,P,2
18,H,2
525,L,2
92,P,2
444,Q,2
336,Y,2
546,I,2
342,S,2
440,R,2
502,W,2
295,S,2
783,K,2
632,P,2
910,R,2
941,K,2
570,A,2
969,K,2
733,N,2
252,E,2
92,R,2
369,S,2
744,V,2
151,V,2
590,F,2
764,E,2
385,P,2
440,F,2
213,D,2
255,C,2
700,R,2
80,L,2
1142,K,2
740,M,2
1089,V,2
48,I,2
691,S,2
592,Y,2
498,L,2
371,H,2
203,K,2
323,P,2
85,G,2
722,D,2
700,D,2
757,S,2
480,S,2
789,N,2
327,A,2
232,G,2
679,M,2
1182,A,2
805,K,2
347,Y,2
501,D,2
1124,R,2
498,P,2
724,K,2
170,N,2
486,V,2
339,H,2
394,C,2
506,R,2
290,V,2
25,V,2
638,T,2
433,L,2
1010,R,2
95,L,2
210,L,2
1182,G,2
690,E,2
223,V,2
693,S,2
223,E,2
443,C,2
569,M,2
712,F,2
416,A,2
48,V,2
986,E,2
78,P,2
346,T,2
430,S,2
220,C,2
365,F,2
623,A,2
644,K,2
9,P,2
1032,S,2
1138,N,2
501,C,2
849,P,2
718,L,2
1136,R,2
1259,A,2
740,M,2
1062,S,2
972,T,2
47,D,2
502,Q,2
968,Y,2
1145,S,2
339,Y,2
1083,D,2
951,M,2
339,E,2
657,T,2
339,A,2
328,I,2
820,V,2
430,T,2
757,V,2
718,C,2
1041,Y,2
347,C,2
505,N,2
253,D,2
681,N,2
92,H,2
233,N,2
501,C,2
431,S,2
1056,T,2
499,L,2
229,M,2
353,C,2
939,T,2
221,F,2
969,T,2
288,P,2
247,F,2
497,C,2
1025,S,2
883,M,2
911,A,2
283,V,2
260,G,2
205,S,2
74,N,2
842,A,2
452,R,2
497,S,2
235,S,2
247,S,2
355,L,2
834,I,2
1256,S,2
485,C,2
1101,H,2
542,D,2
743,R,2
633,R,2
814,S,2
66,D,2
774,R,2
446,V,2
93,I,2
305,T,2
947,Q,2
449,F,2
1168,D,2
875,T,2
214,R,2
389,T,2
1254,S,2
324,E,2
317,T,2
412,Q,2
1053,T,2
172,P,2
974,P,2
694,F,2
1070,P,2
442,F,2
829,A,2
960,Y,2
789,C,2
346,R,2
741,F,2
420,H,2
388,D,2
1025,A,2
127,V,2
675,W,2
209,P,2
527,T,2
1099,G,2
779,Q,2
263,A,2
53,Y,2
96,E,2
194,S,2
476,G,2
498,Y,2
801,I,2
115,P,2
184,G,2
196,D,2
716,M,2
1085,G,2
655,N,2
487,T,2
157,Y,2
411,G,2
1114,N,2
213,V,2
21,N,2
1263,P,2
489,F,2
666,T,2
1226,G,2
501,K,2
202,Q,2
500,L,2
324,E,2
89,R,2
791,S,2
108,P,2
475,I,2
643,F,2
489,S,2
117,S,2
509,I,2
821,Q,2
720,L,2
473,N,2
491,T,2
107,T,2
421,C,2
19,P,2
21,R,2
429,S,2
504,V,2
282,H,2
495,F,2
710,N,2
396,S,2
1201,E,2
915,A,2
991,A,2
840,G,2
973,T,2
306,C,2
816,P,2
366,A,2
1141,M,2
129,V,2
376,A,2
573,N,2
339,V,2
734,S,2
677,P,2
795,K,2
167,N,2
251,R,2
38,F,2
794,S,2
712,L,2
377,Y,2
297,P,2
110,P,2
138,D,2
1272,C,2
348,G,2
90,Q,2
577,S,2
872,K,2
1007,F,2
101,K,2
697,V,2
81,T,2
219,G,2
880,S,2
610,F,2
1266,I,2
298,V,2
504,R,2
616,Y,2
651,L,2
1145,V,2
477,I,2
499,N,2
1273,K,2
117,P,2
809,A,2
233,I,2
882,I,2
106,T,2
377,S,2
1099,R,2
490,C,2
1259,Y,2
99,I,2
92,Y,2
605,C,2
1201,N,2
892,P,2
170,S,2
489,C,2
456,V,2
426,L,2
125,H,2
1075,C,2
200,F,2
384,I,2
70,D,2
63,S,2
325,P,2
121,Y,2
1260,V,2
1094,G,2
586,Y,2
491,A,2
222,I,2
547,S,2
447,F,2
535,I,2
887,I,2
798,F,2
347,T,2
79,Y,2
143,G,2
1138,C,2
432,Y,2
280,T,2
522,G,2
1106,K,2
739,R,2
220,Y,2
119,F,2
406,V,2
183,Q,2
912,S,2
40,Y,2
913,R,2
82,P,2
266,N,2
1024,H,2
996,S,2
399,L,2
544,I,2
1169,S,2
321,P,2
305,F,2
854,K,2
225,T,2
388,E,2
197,F,2
343,Y,2
151,S,2
1079,H,2
37,F,2
236,I,2
701,P,2
579,A,2
115,E,2
389,I,2
531,N,2
1223,D,2
364,Q,2
803,P,2
1197,R,2
25,P,2
322,Q,2
882,L,2
532,T,2
270,P,2
429,I,2
354,C,2
563,H,2
313,F,2
982,P,2
334,T,2
857,D,2
821,P,2
416,E,2
122,T,2
720,T,2
773,G,2
311,V,2
73,T,2
1068,V,2
825,I,2
286,S,2
119,M,2
107,V,2
194,L,2
1254,R,2
944,T,2
1123,P,2
83,G,2
984,P,2
246,R,2
850,M,2
1230,F,2
1159,N,2
1,I,2
184,R,2
341,A,2
187,Q,2
657,I,2
846,A,2
79,I,2
1068,G,2
380,I,2
382,A,2
851,R,2
25,P,2
764,H,2
114,F,2
856,Y,2
439,D,2
1245,Q,2
820,A,2
49,D,2
259,T,2
825,T,2
243,A,2
106,Y,2
768,S,2
1271,D,2
694,A,2
426,A,2
1122,V,2
483,D,2
902,T,2
1251,G,2
475,A,2
341,G,2
118,L,2
78,T,2
100,I,2
606,T,2
626,G,2
91,D,2
722,L,2
1093,D,2
200,S,2
433,A,2
310,E,2
107,A,2
491,R,2
1016,E,2
524,G,2
442,E,2
839,H,2
372,G,2
140,Y,2
928,D,2
846,A,2
238,V,2
267,F,2
383,D,2
1211,Q,2
483,V,2
382,I,2
82,I,2
8,L,2
381,C,2
145,C,2
172,S,2
865,P,2
347,V,2
456,S,2
1159,P,2
280,C,2
838,G,2
939,L,2
268,D,2
314,E,2
1016,L,2
299,K,2
279,C,2
1094,L,2
1110,C,2
733,E,2
389,V,2
711,T,2
262,A,2
852,G,2
151,C,2
28,Y,2
195,R,2
722,V,2
1112,A,2
495,N,2
614,A,2
358,N,2
613,Y,2
324,E,2
135,S,2
88,C,2
364,E,2
75,F,2
1096,V,2
1042,S,2
1015,G,2
1268,G,2
99,T,2
955,I,2
185,H,2
88,K,2
318,L,2
1185,P,2
1236,C,2
211,N,2
1075,S,2
1171,G,2
746,A,2
656,L,2
133,V,2
13,R,2
1014,G,2
91,N,2
201,I,2
865,I,2
1078,P,2
138,Y,2
1028,R,2
999,A,2
196,H,2
1160,R,2
301,F,2
89,M,2
551,L,2
89,N,2
818,M,2
101,I,2
151,S,2
287,D,2
84,L,2
497,I,2
948,F,2
38,N,2
650,I,2
1008,M,2
292,V,2
809,A,2
419,A,2
296,P,2
260,A,2
441,V,2
56,V,2
1220,I,2
1013,V,2
260,A,2
623,G,2
797,I,2
351,C,2
646,C,2
1172,L,2
236,N,2
222,D,2
401,K,2
252,A,2
694,F,2
361,S,2
441,L,2
849,V,2
232,C,2
205,P,2
1001,P,2
1173,R,2
341,L,2
713,G,2
247,C,2
1135,T,2
1248,G,2
348,F,2
336,F,2
484,I,1
1059,R,1
63,E,1
530,C,1
955,K,1
981,P,1
490,P,1
1029,S,1
101,I,1
122,G,1
799,A,1
489,R,1
477,S,1
504,R,1
1122,F,1
24,L,1
509,S,1
109,V,1
562,L,1
124,V,1
809,S,1
701,I,1
263,Y,1
927,V,1
335,M,1
933,K,1
494,E,1
501,S,1
80,G,1
152,F,1
953,Y,1
499,P,1
264,Q,1
78,Q,1
309,H,1
85,I,1
673,C,1
908,F,1
272,P,1
267,G,1
741,T,1
573,S,1
1112,K,1
116,F,1
374,A,1
1028,I,1
130,S,1
977,F,1
440,H,1
153,Q,1
802,I,1
103,F,1
689,H,1
80,D,1
719,V,1
625,S,1
50,G,1
404,D,1
103,W,1
504,D,1
485,Y,1
1144,E,1
356,K,1
851,F,1
701,A,1
859,S,1
698,S,1
80,C,1
414,P,1
503,K,1
401,T,1
178,A,1
1023,G,1
46,T,1
757,A,1
30,N,1
582,Y,1
17,H,1
399,T,1
50,S,1
969,I,1
107,P,1
1110,D,1
753,G,1
398,I,1
129,G,1
542,H,1
800,I,1
315,P,1
40,V,1
767,Q,1
551,V,1
1006,M,1
37,V,1
1156,S,1
504,E,1
88,G,1
808,R,1
47,N,1
49,N,1
236,V,1
76,R,1
2,F,1
502,Y,1
578,Y,1
836,Q,1
131,N,1
936,L,1
1245,K,1
90,P,1
485,Y,1
253,V,1
41,T,1
1088,N,1
1032,Y,1
1056,P,1
1066,T,1
480,L,1
81,V,1
252,G,1
1262,S,1
616,H,1
398,H,1
91,G,1
1010,H,1
91,G,1
500,K,1
725,K,1
89,C,1
504,A,1
397,R,1
92,F,1
91,P,1
104,G,1
134,G,1
50,W,1
89,L,1
971,D,1
88,K,1
970,L,1
145,N,1
87,L,1
396,W,1
404,N,1
756,C,1
213,V,1
951,A,1
127,T,1
971,R,1
797,D,1
214,Q,1
77,I,1
1089,I,1
160,L,1
1134,R,1
255,L,1
133,Y,1
484,R,1
68,S,1
540,R,1
802,V,1
365,R,1
347,R,1
1031,G,1
504,N,1
92,A,1
1256,I,1
152,C,1
93,L,1
836,Q,1
483,G,1
149,V,1
488,I,1
219,T,1
503,S,1
400,I,1
561,F,1
905,S,1
798,A,1
1254,W,1
128,L,1
805,R,1
145,K,1
402,S,1
1248,I,1
503,H,1
1177,E,1
80,D,1
666,N,1
807,R,1
125,Q,1
638,V,1
666,N,1
503,P,1
771,E,1
398,G,1
1025,V,1
482,C,1
664,I,1
108,G,1
131,Q,1
637,Y,1
674,F,1
637,T,1
643,C,1
494,Q,1
103,K,1
1237,I,1
597,F,1
105,M,1
631,P,1
1133,V,1
643,I,1
177,T,1
753,V,1
502,D,1
489,A,1
104,T,1
248,N,1
677,S,1
96,E,1
26,Y,1
500,V,1
969,H,1
989,T,1
107,L,1
701,L,1
484,K,1
1167,G,1
893,E,1
98,C,1
400,H,1
80,G,1
92,D,1
1020,F,1
663,G,1
498,E,1
26,F,1
242,Q,1
768,T,1
769,C,1
503,H,1
1259,D,1
129,I,1
494,A,1
242,H,1
395,D,1
879,L,1
330,P,1
26,P,1
145,Q,1
923,F,1
908,V,1
497,S,1
397,P,1
144,I,1
328,G,1
871,P,1
470,T,1
1146,D,1
143,D,1
142,W,1
494,F,1
800,S,1
102,C,1
832,F,1
150,A,1
493,S,1
11,G,1
500,I,1
85,E,1
110,Q,1
1071,S,1
308,R,1
151,P,1
7,V,1
135,N,1
791,R,1
93,A,1
494,A,1
504,A,1
496,A,1
785,D,1
932,F,1
1080,T,1
173,Q,1
159,D,1
836,Q,1
490,L,1
957,Q,1
136,W,1
492,T,1
1030,T,1
936,Y,1
158,N,1
399,Q,1
18,S,1
21,V,1
499,H,1
42,G,1
1233,K,1
145,D,1
33,V,1
84,K,1
1194,I,1
623,I,1
1106,P,1
394,R,1
1175,R,1
121,N,1
859,M,1
503,A,1
932,G,1
78,E,1
1022,D,1
864,W,1
118,S,1
1267,G,1
131,D,1
492,E,1
498,E,1
721,F,1
726,M,1
487,Y,1
151,F,1
1054,H,1
818,N,1
118,L,1
392,D,1
957,L,1
1081,N,1
584,Q,1
653,D,1
607,Q,1
654,E,1
517,R,1
792,P,1
654,E,1
1167,I,1
767,I,1
485,G,1
1051,P,1
27,L,1
73,D,1
492,K,1
687,T,1
107,S,1
391,L,1
1146,D,1
544,K,1
774,P,1
149,M,1
842,R,1
143,Q,1
406,K,1
1025,K,1
117,T,1
535,T,1
492,A,1
151,D,1
507,I,1
503,K,1
459,S,1
484,K,1
265,N,1
402,P,1
612,H,1
106,A,1
106,C,1
218,Q,1
1257,G,1
227,G,1
1273,T,1
95,M,1
496,E,1
477,C,1
452,L,1
691,S,1
80,S,1
475,A,1
709,H,1
1036,K,1
212,A,1
1265,L,1
497,Y,1
496,C,1
186,F,1
960,I,1
489,Q,1
137,G,1
454,S,1
585,S,1
393,R,1
971,S,1
1237,M,1
1036,L,1
339,P,1
1049,P,1
130,G,1
141,T,1
1182,T,1
369,L,1
1229,M,1
120,V,1
395,R,1
109,F,1
1257,V,1
493,E,1
79,P,1
1091,Q,1
125,F,1
526,R,1
488,P,1
424,I,1
401,D,1
456,F,1
1109,Y,1
186,Y,1
685,S,1
504,I,1
101,R,1
273,W,1
502,H,1
517,T,1
315,F,1
129,A,1
503,E,1
500,S,1
40,W,1
65,R,1
501,A,1
386,T,1
44,T,1
309,R,1
504,C,1
483,V,1
1133,N,1
483,N,1
42,K,1
345,F,1
1264,S,1
347,I,1
259,M,1
692,S,1
639,G,1
250,G,1
28,G,1
553,T,1
392,I,1
763,A,1
1265,G,1
503,W,1
90,N,1
1265,Y,1
49,C,1
581,N,1
506,A,1
345,A,1
39,C,1
101,Q,1
481,A,1
64,A,1
92,S,1
347,G,1
134,S,1
368,M,1
332,L,1
113,K,1
141,R,1
499,V,1
486,P,1
127,S,1
53,T,1
88,T,1
80,C,1
477,R,1
476,P,1
765,N,1
45,L,1
349,I,1
296,C,1
26,G,1
960,P,1
88,T,1
111,T,1
449,V,1
903,T,1
93,N,1
789,K,1
598,T,1
137,V,1
497,A,1
97,W,1
461,F,1
504,V,1
380,L,1
755,C,1
913,K,1
91,G,1
91,R,1
393,F,1
360,E,1
227,P,1
819,Q,1
319,L,1
498,S,1
487,G,1
219,I,1
111,M,1
441,H,1
473,S,1
150,H,1
1056,S,1
478,F,1
442,G,1
84,M,1
1057,S,1
365,H,1
49,E,1
42,T,1
504,K,1
91,Q,1
952,N,1
872,R,1
67,L,1
88,T,1
89,C,1
90,K,1
92,Q,1
336,L,1
383,L,1
46,Q,1
1263,I,1
502,I,1
584,R,1
1167,C,1
152,K,1
235,A,1
222,M,1
762,R,1
145,T,1
574,K,1
226,L,1
975,G,1
995,T,1
574,C,1
503,Y,1
135,H,1
562,Y,1
768,P,1
404,I,1
632,T,1
93,E,1
91,K,1
334,E,1
313,N,1
101,A,1
118,H,1
89,K,1
91,H,1
93,F,1
360,G,1
87,R,1
1264,S,1
92,G,1
501,P,1
505,D,1
1203,R,1
502,F,1
1092,E,1
498,R,1
405,S,1
252,H,1
153,A,1
141,D,1
498,L,1
151,L,1
302,A,1
505,C,1
497,R,1
477,F,1
724,T,1
489,K,1
382,F,1
223,Q,1
477,G,1
575,K,1
1103,W,1
1268,D,1
66,F,1
1077,N,1
232,S,1
379,S,1
1186,N,1
965,L,1
418,H,1
231,I,1
226,S,1
48,W,1
335,D,1
477,T,1
397,I,1
67,T,1
765,R,1
499,E,1
90,G,1
435,H,1
308,C,1
43,V,1
518,F,1
353,G,1
1171,G,1
301,W,1
91,C,1
504,T,1
496,R,1
128,M,1
349,C,1
77,A,1
503,N,1
88,I,1
105,D,1
553,L,1
312,S,1
232,Y,1
416,T,1
102,D,1
95,H,1
576,K,1
134,W,1
363,G,1
224,R,1
880,V,1
1102,R,1
44,Q,1
359,D,1
1046,A,1
783,P,1
501,G,1
91,R,1
475,C,1
497,F,1
1185,I,1
231,N,1
230,K,1
502,L,1
93,R,1
94,R,1
770,R,1
87,R,1
927,S,1
89,W,1
477,P,1
92,N,1
46,G,1
502,N,1
502,N,1
376,D,1
396,I,1
962,F,1
503,V,1
294,Y,1
1070,L,1
295,H,1
756,N,1
908,R,1
646,G,1
214,G,1
983,H,1
222,L,1
121,C,1
631,P,1
1016,P,1
39,A,1
223,K,1
582,Q,1
476,N,1
143,Y,1
1005,R,1
479,F,1
470,V,1
497,H,1
83,N,1
473,C,1
311,F,1
728,Q,1
570,H,1
257,I,1
87,A,1
363,I,1
503,L,1
485,R,1
483,C,1
496,N,1
498,M,1
112,M,1
1133,V,1
41,H,1
443,L,1
355,A,1
234,N,1
235,S,1
478,M,1
480,H,1
501,S,1
58,C,1
475,Y,1
355,N,1
91,P,1
432,F,1
25,C,1
317,R,1
336,G,1
504,K,1
109,K,1
579,K,1
475,Q,1
1115,N,1
504,S,1
499,K,1
399,Y,1
627,D,1
354,E,1
541,V,1
376,L,1
226,S,1
71,R,1
1064,L,1
1043,S,1
1053,N,1
47,S,1
829,E,1
223,L,1
725,G,1
67,S,1
27,Q,1
512,T,1
86,V,1
86,L,1
230,N,1
230,L,1
1161,T,1
472,M,1
38,S,1
587,F,1
78,I,1
342,Y,1
82,K,1
481,G,1
499,A,1
768,K,1
498,K,1
346,L,1
902,H,1
230,K,1
84,R,1
230,I,1
823,V,1
149,L,1
91,N,1
622,D,1
152,M,1
261,Q,1
501,L,1
1078,A,1
1082,S,1
1217,R,1
841,L,1
487,E,1
314,P,1
395,E,1
376,V,1
504,F,1
566,A,1
59,I,1
626,A,1
357,P,1
1250,N,1
178,D,1
520,L,1
1164,G,1
437,I,1
90,V,1
147,A,1
502,N,1
762,P,1
504,G,1
152,F,1
952,D,1
732,S,1
657,N,1
499,I,1
385,V,1
119,G,1
85,M,1
44,V,1
903,V,1
1044,R,1
264,C,1
475,F,1
475,L,1
485,M,1
363,L,1
348,I,1
510,E,1
1235,L,1
295,Q,1
1012,P,1
151,A,1
499,I,1
301,P,1
299,F,1
503,S,1
484,N,1
74,R,1
86,K,1
235,F,1
236,K,1
1168,D,1
501,T,1
504,W,1
104,Q,1
35,D,1
503,M,1
475,K,1
962,G,1
262,K,1
121,G,1
80,N,1
181,G,1
1042,Y,1
411,F,1
444,S,1
339,N,1
478,K,1
961,E,1
480,F,1
905,G,1
1260,N,1
264,I,1
98,S,1
579,R,1
261,K,1
310,S,1
804,E,1
102,P,1
366,P,1
437,D,1
1028,G,1
953,K,1
348,D,1
132,R,1
57,R,1
1027,I,1
1073,K,1
813,S,1
961,L,1
906,V,1
299,E,1
381,K,1
33,P,1
402,F,1
93,K,1
82,G,1
297,W,1
677,P,1
32,F,1
242,Y,1
485,T,1
1129,E,1
828,F,1
1083,F,1
294,I,1
1227,K,1
290,A,1
1219,F,1
1177,G,1
776,N,1
936,D,1
145,F,1
577,K,1
145,S,1
566,C,1
470,K,1
411,P,1
608,A,1
1052,S,1
907,Y,1
605,P,1
801,Y,1
225,A,1
90,S,1
494,R,1
555,Y,1
774,H,1
1113,Q,1
90,H,1
958,D,1
1134,T,1
38,D,1
123,I,1
1101,T,1
609,T,1
475,N,1
145,M,1
496,H,1
493,W,1
504,Y,1
883,R,1
829,G,1
556,H,1
493,N,1
314,Q,1
489,D,1
578,K,1
43,I,1
226,P,1
762,G,1
350,F,1
347,N,1
343,C,1
355,T,1
15,H,1
351,Q,1
358,M,1
1114,K,1
305,I,1
398,N,1
44,S,1
763,T,1
1206,C,1
69,H,1
1026,G,1
92,R,1
144,T,1
511,A,1
828,V,1
234,K,1
349,Y,1
182,K,1
338,Q,1
305,Y,1
365,P,1
677,Y,1
755,K,1
666,I,1
499,S,1
479,I,1
310,L,1
732,P,1
724,T,1
192,S,1
500,C,1
479,S,1
392,V,1
128,N,1
497,P,1
379,Y,1
362,T,1
294,A,1
138,S,1
621,P,1
663,N,1
260,A,1
107,F,1
53,H,1
280,H,1
36,F,1
1176,A,1
268,R,1
278,T,1
1218,V,1
750,C,1
73,S,1
245,H,1
89,P,1
89,S,1
89,I,1
91,K,1
700,T,1
122,I,1
89,Q,1
56,F,1
333,R,1
262,A,1
100,I,1
1033,G,1
148,N,1
148,S,1
770,K,1
370,N,1
88,D,1
120,V,1
235,N,1
21,A,1
840,F,1
345,T,1
680,C,1
91,R,1
90,M,1
1053,A,1
173,W,1
487,H,1
372,L,1
145,D,1
54,M,1
305,L,1
1083,H,1
895,E,1
472,S,1
178,D,1
23,P,1
1003,C,1
208,I,1
411,A,1
422,S,1
1126,S,1
1035,E,1
571,A,1
91,P,1
817,Y,1
90,K,1
90,K,1
91,R,1
90,R,1
89,H,1
91,E,1
175,F,1
1222,G,1
1098,I,1
541,Y,1
1105,S,1
222,S,1
364,A,1
161,S,1
554,E,1
1174,G,1
1109,S,1
1183,F,1
493,Q,1
317,V,1
317,D,1
440,N,1
1259,N,1
620,A,1
1262,E,1
696,P,1
247,T,1
693,M,1
831,A,1
494,L,1
1134,I,1
585,V,1
1261,C,1
42,A,1
635,G,1
1149,Y,1
1203,L,1
494,S,1
247,D,1
550,A,1
42,L,1
193,G,1
138,D,1
1169,M,1
192,V,1
1248,C,1
31,C,1
1104,L,1
465,K,1
3,C,1
826,F,1
116,A,1
669,V,1
198,E,1
1067,S,1
1102,Y,1
138,R,1
875,Y,1
925,T,1
1151,V,1
323,T,1
805,T,1
183,Y,1
94,C,1
1212,S,1
209,A,1
924,S,1
122,H,1
210,S,1
188,I,1
448,H,1
885,A,1
226,W,1
1241,C,1
491,H,1
699,H,1
919,D,1
254,L,1
530,T,1
531,I,1
140,F,1
1129,G,1
618,P,1
412,S,1
482,N,1
763,I,1
1052,C,1
300,N,1
910,E,1
710,I,1
627,P,1
174,P,1
568,H,1
57,H,1
183,Q,1
557,N,1
111,C,1
376,R,1
292,A,1
12,S,1
1166,V,1
1211,T,1
210,I,1
1085,S,1
250,T,1
318,C,1
877,R,1
461,V,1
644,R,1
644,E,1
956,V,1
27,S,1
285,I,1
906,L,1
32,I,1
338,Y,1
108,E,1
681,G,1
595,F,1
499,G,1
181,G,1
942,E,1
866,P,1
776,Q,1
1071,Q,1
218,Q,1
151,K,1
191,D,1
1205,K,1
798,E,1
793,P,1
1219,F,1
125,Y,1
184,F,1
1198,S,1
880,A,1
115,K,1
189,H,1
1225,I,1
20,K,1
169,V,1
77,T,1
898,L,1
808,D,1
77,M,1
359,C,1
214,F,1
124,P,1
163,A,1
1005,K,1
80,K,1
191,G,1
12,T,1
899,G,1
146,H,1
1273,P,1
321,Q,1
484,S,1
1055,T,1
308,L,1
301,Y,1
410,S,1
1181,K,1
1165,D,1
777,N,1
334,D,1
1004,M,1
584,I,1
479,P,1
936,N,1
174,A,1
1188,L,1
261,F,1
463,L,1
1021,C,1
1259,G,1
31,P,1
100,R,1
1078,G,1
100,N,1
49,I,1
81,N,1
948,V,1
542,K,1
40,H,1
1206,S,1
745,H,1
900,Q,1
195,M,1
591,T,1
554,R,1
554,G,1
1109,V,1
827,T,1
848,N,1
506,L,1
1198,I,1
596,G,1
893,L,1
508,F,1
965,E,1
57,A,1
72,L,1
1256,Y,1
20,A,1
130,M,1
1216,I,1
248,Y,1
958,T,1
664,T,1
169,E,1
287,K,1
592,V,1
1141,V,1
869,T,1
338,V,1
784,E,1
782,C,1
450,Y,1
423,C,1
238,S,1
378,T,1
436,C,1
1159,Q,1
1002,K,1
727,R,1
512,E,1
757,C,1
102,G,1
137,H,1
1201,P,1
654,R,1
470,P,1
833,I,1
468,S,1
80,V,1
449,C,1
500,F,1
147,K,1
941,R,1
192,C,1
1105,A,1
1207,E,1
83,F,1
646,R,1
180,E,1
623,D,1
740,R,1
273,T,1
551,A,1
1111,F,1
1193,I,1
850,N,1
148,I,1
361,W,1
1236,C,1
743,G,1
530,Y,1
223,S,1
325,S,1
277,S,1
877,V,1
482,Y,1
895,L,1
1037,A,1
642,V,1
743,G,1
783,D,1
175,R,1
163,P,1
1242,S,1
675,H,1
417,Q,1
1242,S,1
999,R,1
1121,I,1
132,E,1
168,F,1
590,S,1
294,V,1
1150,E,1
846,I,1
221,L,1
87,N,1
195,T,1
464,F,1
67,F,1
1017,V,1
414,P,1
1076,T,1
1095,Y,1
421,N,1
64,S,1
525,R,1
951,E,1
1044,A,1
988,G,1
175,Y,1
928,Y,1
6,L,1
215,Q,1
331,H,1
108,T,1
662,F,1
1082,G,1
189,R,1
1185,N,1
257,F,1
1249,C,1
963,G,1
206,Q,1
819,G,1
886,S,1
732,N,1
578,G,1
55,C,1
1133,V,1
501,M,1
1265,I,1
1260,D,1
216,K,1
194,V,1
776,I,1
675,S,1
111,D,1
641,H,1
824,N,1
1199,D,1
1,V,1
568,A,1
477,N,1
346,N,1
1026,P,1
1076,R,1
1102,G,1
587,T,1
914,T,1
726,L,1
416,V,1
711,Y,1
190,R,1
11,V,1
923,M,1
1019,G,1
273,R,1
978,I,1
216,H,1
257,Y,1
850,L,1
1153,E,1
183,Q,1
72,G,1
967,C,1
387,S,1
82,R,1
59,V,1
665,A,1
924,G,1
222,I,1
1078,F,1
62,V,1
237,R,1
571,V,1
1118,N,1
330,R,1
250,I,1
339,F,1
719,S,1
215,D,1
493,T,1
752,N,1
1115,S,1
807,P,1
218,Q,1
29,V,1
818,L,1
646,Y,1
76,T,1
76,V,1
88,D,1
112,F,1
841,P,1
1126,F,1
251,P,1
1010,K,1
167,A,1
853,P,1
272,P,1
1217,C,1
16,V,1
323,M,1
254,C,1
589,T,1
108,T,1
240,P,1
382,V,1
1080,G,1
1084,V,1
537,Q,1
189,P,1
88,D,1
457,T,1
260,I,1
208,R,1
972,V,1
1174,P,1
745,D,1
298,A,1
764,T,1
228,D,1
281,R,1
238,F,1
454,K,1
604,S,1
66,H,1
1157,Q,1
924,A,1
82,P,1
1103,F,1
1094,V,1
555,F,1
663,H,1
744,A,1
1222,D,1
132,E,1
462,N,1
135,F,1
484,E,1
63,K,1
479,A,1
952,L,1
65,I,1
308,F,1
146,K,1
1107,I,1
244,L,1
237,R,1
719,T,1
914,H,1
629,L,1
172,C,1
1102,F,1
665,T,1
730,C,1
970,S,1
1136,P,1
457,G,1
81,I,1
561,A,1
780,D,1
211,E,1
215,Y,1
583,E,1
347,S,1
1152,V,1
708,L,1
442,H,1
873,F,1
754,W,1
272,R,1
1065,V,1
477,V,1
791,N,1
801,N,1
59,H,1
171,D,1
413,S,1
875,P,1
243,A,1
510,T,1
464,Y,1
556,N,1
1126,G,1
594,F,1
266,Y,1
1000,S,1
146,H,1
482,G,1
99,V,1
112,L,1
254,S,1
223,P,1
21,M,1
922,L,1
764,D,1
355,G,1
573,P,1
762,K,1
635,L,1
324,E,1
1005,Q,1
1227,I,1
296,V,1
214,R,1
1233,M,1
122,Y,1
210,K,1
867,D,1
1146,Y,1
1069,A,1
615,V,1
1171,F,1
736,V,1
70,L,1
571,N,1
922,V,1
308,A,1
947,K,1
630,V,1
64,W,1
1165,D,1
469,P,1
262,A,1
23,Q,1
10,A,1
340,E,1
746,P,1
1091,R,1
715,H,1
226,M,1
552,L,1
112,M,1
134,Q,1
468,A,1
1043,R,1
168,V,1
404,F,1
508,D,1
338,F,1
202,K,1
1262,Q,1
792,P,1
723,P,1
170,C,1
1039,I,1
552,P,1
381,V,1
289,V,1
91,S,1
190,N,1
796,C,1
973,N,1
705,G,1
966,T,1
484,A,1
546,S,1
920,L,1
628,E,1
436,S,1
1012,V,1
339,L,1
954,R,1
973,V,1
367,D,1
667,D,1
261,G,1
1246,A,1
339,N,1
498,I,1
1014,R,1
140,T,1
67,C,1
1200,L,1
884,P,1
402,N,1
222,G,1
493,H,1
652,V,1
741,C,1
735,S,1
292,P,1
753,S,1
993,F,1
737,H,1
993,T,1
498,V,1
860,V,1
879,A,1
232,G,1
1191,D,1
392,Y,1
153,T,1
1191,N,1
129,T,1
1063,L,1
646,Y,1
782,L,1
69,T,1
69,M,1
1220,C,1
1123,Y,1
740,M,1
803,T,1
281,E,1
1147,T,1
18,P,1
27,K,1
73,V,1
1181,K,1
474,L,1
492,G,1
504,I,1
1007,T,1
647,A,1
253,D,1
1122,V,1
75,G,1
178,H,1
322,V,1
158,I,1
548,D,1
489,L,1
90,E,1
538,Y,1
1263,H,1
976,S,1
463,G,1
1082,R,1
415,K,1
137,N,1
440,Q,1
1197,P,1
453,Y,1
567,T,1
125,I,1
855,F,1
1132,M,1
95,S,1
29,N,1
645,K,1
124,T,1
368,L,1
457,W,1
455,L,1
1201,N,1
332,S,1
710,C,1
267,V,1
254,V,1
26,S,1
227,A,1
226,L,1
227,V,1
226,Q,1
226,Q,1
230,P,1
1196,P,1
556,N,1
522,A,1
522,E,1
85,T,1
131,H,1
599,A,1
1188,E,1
638,E,1
702,R,1
670,F,1
1079,R,1
571,T,1
371,S,1
1183,S,1
941,V,1
73,D,1
73,V,1
291,Y,1
646,F,1
86,V,1
831,P,1
818,F,1
290,Y,1
695,H,1
113,K,1
1228,G,1
872,E,1
708,P,1
1146,D,1
1197,V,1
1099,Y,1
550,C,1
695,F,1
477,H,1
773,K,1
673,S,1
928,S,1
409,R,1
440,E,1
804,Q,1
337,R,1
1147,P,1
645,A,1
1090,H,1
716,I,1
856,N,1
1021,T,1
980,T,1
981,H,1
323,M,1
919,H,1
64,F,1
559,L,1
710,H,1
1,L,1
664,M,1
1056,I,1
1245,K,1
555,T,1
97,T,1
1250,L,1
531,S,1
536,T,1
1091,P,1
1073,K,1
213,F,1
591,S,1
1213,L,1
1044,V,1
427,D,1
164,Y,1
781,L,1
388,K,1
959,V,1
573,I,1
807,M,1
569,N,1
1178,T,1
843,D,1
683,K,1
80,D,1
452,F,1
590,R,1
410,I,1
920,E,1
453,D,1
190,I,1
20,S,1
1262,Y,1
120,V,1
846,F,1
523,P,1
600,T,1
675,R,1
394,H,1
275,V,1
446,G,1
651,M,1
954,Q,1
1231,T,1
594,C,1
544,D,1
1065,F,1
955,T,1
562,V,1
406,Q,1
287,D,1
773,V,1
681,Q,1
283,K,1
1040,L,1
1137,G,1
326,T,1
178,V,1
1105,I,1
271,Q,1
616,N,1
760,R,1
261,G,1
1105,K,1
713,A,1
172,S,1
219,E,1
155,S,1
318,N,1
1219,L,1
100,I,1
14,P,1
329,S,1
125,V,1
305,P,1
903,P,1
982,T,1
1173,H,1
793,A,1
1101,Y,1
285,S,1
306,Y,1
316,L,1
426,T,1
143,C,1
1021,L,1
408,R,1
756,F,1
316,C,1
1071,Y,1
148,G,1
398,E,1
290,G,1
22,F,1
23,F,1
616,T,1
982,P,1
1242,S,1
782,P,1
492,V,1
843,D,1
925,I,1
211,N,1
257,F,1
237,R,1
938,F,1
356,Y,1
131,W,1
345,F,1
344,F,1
903,D,1
343,N,1
152,L,1
591,S,1
438,T,1
477,G,1
456,C,1
302,S,1
570,E,1
919,S,1
891,C,1
694,G,1
79,F,1
296,H,1
362,G,1
371,L,1
752,R,1
265,Y,1
256,F,1
507,T,1
824,T,1
64,K,1
965,K,1
554,E,1
246,N,1
729,A,1
1018,F,1
930,T,1
367,V,1
634,C,1
476,F,1
789,D,1
219,F,1
936,V,1
290,H,1
154,V,1
376,T,1
219,G,1
604,T,1
211,N,1
690,Q,1
936,H,1
1167,V,1
1179,N,1
214,H,1
930,P,1
780,S,1
306,F,1
780,E,1
214,C,1
1063,S,1
596,R,1
732,V,1
112,W,1
1139,Y,1
682,H,1
152,Q,1
399,P,1
671,Y,1
788,N,1
1040,G,1
812,I,1
514,C,1
1190,G,1
466,T,1
1003,R,1
652,R,1
313,I,1
870,M,1
6,T,1
165,H,1
291,F,1
455,V,1
26,F,1
319,I,1
899,P,1
555,P,1
919,I,1
769,R,1
897,S,1
910,V,1
800,V,1
662,S,1
989,V,1
262,F,1
425,F,1
1084,F,1
60,Y,1
1020,A,1
139,A,1
769,G,1
80,F,1
80,Y,1
163,A,1
709,L,1
645,P,1
552,L,1
532,N,1
52,Y,1
1243,V,1
533,M,1
103,A,1
70,V,1
319,S,1
436,Y,1
293,R,1
928,T,1
230,R,1
109,C,1
1204,A,1
393,P,1
520,G,1
1085,L,1
69,A,1
1260,I,1
337,P,1
1190,D,1
1085,D,1
154,E,1
583,D,1
675,Y,1
846,F,1
38,C,1
65,V,1
920,R,1
878,I,1
140,H,1
270,F,1
700,P,1
518,S,1
357,G,1
515,C,1
702,L,1
968,A,1
691,C,1
1095,S,1
280,I,1
604,Y,1
515,S,1
545,A,1
579,T,1
847,G,1
1219,F,1
637,P,1
1000,I,1
919,Y,1
986,T,1
1115,F,1
27,L,1
948,P,1
564,I,1
706,D,1
917,C,1
484,E,1
1017,Q,1
888,I,1
1081,V,1
720,N,1
421,S,1
431,C,1
245,Q,1
1081,F,1
336,S,1
1083,H,1
927,Y,1
231,E,1
579,H,1
1179,M,1
344,M,1
738,G,1
40,A,1
40,G,1
447,Y,1
767,S,1
375,F,1
726,I,1
219,A,1
322,P,1
232,Y,1
208,I,1
884,S,1
698,P,1
519,H,1
251,A,1
912,R,1
681,L,1
966,I,1
390,H,1
892,A,1
95,N,1
730,T,1
757,R,1
1187,N,1
297,T,1
344,A,1
1102,W,1
960,H,1
907,D,1
440,K,1
962,P,1
498,P,1
500,V,1
635,D,1
365,G,1
9,P,1
845,A,1
53,S,1
600,A,1
430,V,1
1235,Y,1
1209,Y,1
108,K,1
1235,G,1
119,I,1
904,C,1
343,A,1
1264,I,1
699,R,1
720,S,1
417,Y,1
548,V,1
831,A,1
106,R,1
1006,K,1
843,H,1
270,V,1
1230,G,1
57,F,1
51,L,1
496,M,1
67,D,1
191,K,1
1061,L,1
524,L,1
446,S,1
685,Q,1
1019,S,1
773,A,1
718,V,1
916,F,1
132,E,1
317,R,1
229,L,1
765,F,1
1204,P,1
1065,E,1
892,G,1
218,Q,1
234,S,1
213,R,1
19,I,1
1177,V,1
679,Q,1
901,H,1
787,Y,1
155,S,1
213,T,1
1058,H,1
502,I,1
542,I,1
95,S,1
712,N,1
95,T,1
396,N,1
447,A,1
708,N,1
231,I,1
708,F,1
450,N,1
504,E,1
501,Y,1
701,V,1
716,P,1
236,T,1
696,K,1
754,V,1
86,R,1
354,I,1
334,I,1
543,S,1
614,E,1
714,K,1
1084,D,1
418,L,1
493,G,1
43,C,1
766,T,1
873,N,1
335,I,1
52,Q,1
600,Q,1
739,S,1
336,W,1
24,P,1
684,G,1
409,M,1
